,name,website,locations,size,industry,founded
0,Proteus Digital Health Careers,www.proteus.com,"Redwood City, CA",201 to 500 employees,Pharmaceuticals,2004
1,Zelis Careers,www.zelis.com,"Bedminster, NJ","1,001 to 5,000 employees",Information Technology & Services,2016
2,UpNest Careers,www.upnest.com,"Burlingame, CA",1 to 50 employees,Real Estate,2013
3,conferacity Careers,conferacity.com,"Menlo Park, CA",1 to 50 employees,Broadcast & Online Media,2013
4,Zenoti Careers,www.zenoti.com,"Bellevue, WA","501 to 1,000 employees",Computer Software,2010
5,LeaseLock Careers,leaselock.com,"Marina del Rey, CA",51 to 200 employees,Insurance,2016
6,Kespry Careers,www.kespry.com,"Menlo Park, CA",51 to 200 employees,Computer Software,2013
7,NewsCred Careers,www.newscred.com,"New York, NY",201 to 500 employees,Marketing & Advertising,2008
8,Brane Enterprises Careers,nslhub.com,"Hyderabad, India",201 to 500 employees,Information Technology & Services,2017
9,Markel Careers,www.markel.com,"Glen Allen, VA","1,001 to 5,000 employees",Insurance,1930
10,ESO Fund Careers,www.esofund.com,"San Mateo, CA",1 to 50 employees,Venture Capital & Private Equity,2012
11,Indigo Ag Careers,www.indigoag.com,"Boston, MA","501 to 1,000 employees",Food & Beverages,2013
12,"MSIG Holdings (Americas), Inc. Careers",www.msigusa.com,"Warren, NJ",201 to 500 employees,Insurance,1988
13,MindGeek Careers,mindgeek.com,"Luxembourg City, Luxembourg","1,001 to 5,000 employees",Internet,2004
14,ForeScout Technologies Careers,www.crunchbase.com/#/entity,"San Jose, CA","1,001 to 5,000 employees",Computer & Network Security,2000
15,Marketplace Careers,www.marketplace.org,"Los Angeles, CA",51 to 200 employees,Broadcast & Online Media,1989
16,SanDisk Careers,www.sandisk.com,"Milpitas, CA","5,001 to 10,000 employees",Semiconductors,1988
17,Wag Careers,www.wagwalking.com,"Mountain View, CA",51 to 200 employees,Consumer Goods,2014
18,Maisonette Careers,www.maisonette.com,"Brooklyn, NY",51 to 200 employees,"Apparel, Fashion & Luxury",2017
19,Fox Thermal Careers,www.foxthermal.com,"Marina, CA",1 to 50 employees,Industrial Automation,1994
20,Optimity Advisors Careers,www.optimityadvisors.com,"Washington, DC",201 to 500 employees,Management Consulting,2009
21,potenit Careers,potenit.com,"San Jose, CA",1 to 50 employees,Information Technology & Services,2010
22,Plexus Careers,www.plexus.com,"Neenah, WI","10,000+ employees",Computer Hardware,1979
23,CureMatch Careers,www.curematch.com,"San Diego, CA",1 to 50 employees,Biotechnology,2015
24,intertrend communications Careers,www.intertrend.com,"Long Beach, CA",51 to 200 employees,Marketing & Advertising,1991
25,Emotive Careers,emotive.io,"Los Angeles, CA",51 to 200 employees,Computer Software,2018
26,JOOR Careers,www.joor.com,"New York, NY",51 to 200 employees,Internet,2010
27,BLEND360 Careers,www.blend360.com,"Columbia, MD",201 to 500 employees,Marketing & Advertising,2016
28,AT&T Careers,www.att.com,"Dallas, TX","10,000+ employees",Telecommunications,1983
29,NVISIA Careers,www.nvisia.com,"Chicago, IL",51 to 200 employees,Computer Software,1993
30,mastery Careers,mastery.net,"Chicago, IL",51 to 200 employees,Computer Software,2019
31,Levi Strauss & Co. Careers,www.levi.com,"San Francisco, CA","10,000+ employees","Apparel, Fashion & Luxury",1853
32,X-Team Careers,x-team.com,"Austin, TX",201 to 500 employees,Internet,2004
33,RSE Careers,www.rs-e.com,"Sacramento, CA",51 to 200 employees,Marketing & Advertising,1960
34,Holland & Knight Careers,www.hklaw.com,"Miami, FL","1,001 to 5,000 employees",Legal Services,1968
35,Mystery Science Careers,www.mystery.org,"San Francisco, CA",1 to 50 employees,E-learning,2011
36,Rxadvance Corp Careers,www.rxadvance.com,"Southborough, MA",51 to 200 employees,Information Technology & Services,2013
37,ArcelorMittal Careers,corporate.arcelormittal.com,"Luxembourg, Luxembourg","10,000+ employees",Materials & Manufacturing,2006
38,Webflow Careers,www.webflow.com,"San Francisco, CA",51 to 200 employees,Computer Software,2012
39,NAPCO Careers,napcosecurity.com,"Amityville, NY","501 to 1,000 employees",Electrical & Electronic Manufacturing,1969
40,TreeHouse Foods Careers,www.treehousefoods.com,"Oak Brook, IL","10,000+ employees",Food & Beverages,2005
41,Amadeus Careers,www.amadeus.com,"Madrid, Spain","10,000+ employees",Information Technology & Services,1987
42,Critical Start Careers,www.criticalstart.com,"Plano, TX",201 to 500 employees,Information Technology & Services,2012
43,Korn Ferry Careers,www.kornferry.com,"Los Angeles, CA","5,001 to 10,000 employees",Management Consulting,1969
44,L&T Technology Services Careers,www.ltts.com,"Vadodara, India","10,000+ employees",Information Technology & Services,2009
45,mParticle Careers,www.mparticle.com,"New York, NY",51 to 200 employees,Internet,2012
46,BrightEdge Careers,www.brightedge.com,"Foster City, CA",201 to 500 employees,Computer Software,2007
47,JS Products Careers,www.jsproducts.com,"Las Vegas, NV",51 to 200 employees,Wholesale,1986
48,WorkFusion Careers,www.workfusion.com,"New York, NY",201 to 500 employees,Computer Software,2010
49,Marathon Petroleum Careers,www.marathonpetroleum.com,"Findlay, OH","10,000+ employees",Oil & Energy,1887
50,Pearson Careers,www.pearson.com,"London, United Kingdom","10,000+ employees",Broadcast & Online Media,1844
51,International Paper Careers,www.internationalpaper.com,"Memphis, TN","10,000+ employees",Materials & Manufacturing,1898
52,IntelliScience Careers,www.intelliscience.com,"Boise, ID",1 to 50 employees,Computer Software,2006
53,Klaviyo Careers,www.klaviyo.com,"Boston, MA",201 to 500 employees,Internet,2012
54,Narwal Careers,www.narwalinc.com,"Cincinnati, OH",51 to 200 employees,Information Technology & Services,2017
55,Expanded Impact Careers,www.expandedimpact.com,"San Francisco, CA",1 to 50 employees,Human Resources,2019
56,Carta Careers,www.carta.com,"Palo Alto, CA","501 to 1,000 employees",Computer Software,2012
57,Embark Trucks Careers,embarktrucks.com,"San Francisco, CA",51 to 200 employees,"Transportation, Trucking & Rail",2016
58,Spreedly Careers,spreedly.com,"Durham, NC",51 to 200 employees,Information Technology & Services,2008
59,Key Lime Interactive Careers,www.keylimeinteractive.com,"Doral, FL",1 to 50 employees,Information Technology & Services,2009
60,Sonos Careers,www.sonos.com,"Santa Barbara, CA","1,001 to 5,000 employees",Computer Hardware,2002
61,Aflac Careers,www.aflac.com,"Columbus, GA","10,000+ employees",Insurance,1955
62,Transfix Careers,transfix.io,"New York, NY",51 to 200 employees,Logistics & Supply Chain,2013
63,Clarity Insights Careers,www.accenture.com,"Chicago, IL",201 to 500 employees,Information Technology & Services,2008
64,Ahmadiyya Muslim Community Careers,ahmadiyya.ca,"Vaughan, Ontario","10,000+ employees",Religious Institutions,1908
65,Holman Parts Distribution Careers,holmanparts.com,"Pennsauken, NJ","501 to 1,000 employees",Automotive,1946
66,Ball Corporation Careers,www.ball.com,"Broomfield, CO","10,000+ employees",Materials & Manufacturing,1880
67,Alliance Inspection Management Careers,homepage.aiminspections.com,"Long Beach, CA","1,001 to 5,000 employees",Automotive,2005
68,Medix Careers,www.medixteam.com,"Chicago, IL",201 to 500 employees,Staffing & Recruiting,2001
69,Xilinx Careers,www.xilinx.com,"San Jose, CA","1,001 to 5,000 employees",Semiconductors,1984
70,Fiserv Careers,www.fiserv.com,"Brookfield, WI","10,000+ employees",Information Technology & Services,1984
71,RWDI Careers,www.rwdi.com,"Guelph, Ontario",201 to 500 employees,Civil Engineering,1972
72,Instabase Careers,www.instabase.com,"San Francisco, CA",1 to 50 employees,Computer Software,2015
73,Joveo Careers,www.joveo.com,"Redwood City, CA",51 to 200 employees,Computer Software,2017
74,Workday Careers,www.workday.com,"Pleasanton, CA","10,000+ employees",Computer Software,2005
75,NS1 Careers,ns1.com,"New York, NY",51 to 200 employees,Internet,2013
76,Helpshift Careers,www.helpshift.com,"San Francisco, CA",51 to 200 employees,Internet,2011
77,syntax Careers,www.syntax.com,"Montreal, QC","1,001 to 5,000 employees",Information Technology & Services,1972
78,TPG Careers,www.tpg.com,"San Francisco, CA","501 to 1,000 employees",Investment Management,1992
79,AXA Equitable Life Careers,axa-equitable.com,"New York, NY","10,000+ employees",Insurance,1859
80,Heali Careers,heali.ai,"Santa Monica, CA",1 to 50 employees,"Health, Wellness & Fitness",2018
81,Total Wine & More Careers,www.totalwine.com,"Bethesda, MD","5,001 to 10,000 employees",Retail,1991
82,Hylink Digital Solutions Careers,www.hylinkgroup.com,"Beijing, China","1,001 to 5,000 employees",Marketing & Advertising,1994
83,Advyzon Careers,www.advyzon.com,"Chicago, IL",1 to 50 employees,Financial Services,2012
84,Workfront Careers,www.workfront.com,"Lehi, UT","1,001 to 5,000 employees",Computer Software,2001
85,WineDirect Careers,www.winedirect.com,"American Canyon, CA",51 to 200 employees,Food & Beverages,2002
86,ThousandEyes Careers,www.thousandeyes.com,"San Jose, CA",201 to 500 employees,Internet,2010
87,Vectra AI Careers,www.crunchbase.com,"San Jose, CA",201 to 500 employees,Computer & Network Security,2010
88,Kingland Systems Careers,www.kingland.com,"Clear Lake, IA",51 to 200 employees,Information Technology & Services,1992
89,WideOrbit Careers,www.wideorbit.com,"San Francisco, CA","501 to 1,000 employees",Computer Software,1999
90,Sila Careers,www.sila.com,"King Of Prussia, PA","501 to 1,000 employees",Financial Services,1989
91,Schaeffler Careers,www.schaeffler.com,"Herzogenaurach, Germany","10,000+ employees",Mechanical & Industrial Engineering,1946
92,Securonix Careers,www.securonix.com,"Addison, TX",201 to 500 employees,Information Technology & Services,2007
93,Natixis Careers,www.natixis.com,"Paris, France","10,000+ employees",Financial Services,2006
94,Freudenberg Group Careers,www.freudenberg.com,"Weinheim, Germany","10,000+ employees",Automotive,1849
95,Much Careers,www.muchlaw.com,"Chicago, IL",51 to 200 employees,Legal Services,1970
96,OPS Careers,www.opstrax.com,"Grand Prairie, TX",51 to 200 employees,Logistics & Supply Chain,1996
97,Voicy.AI Careers,www.voicy.ai,"San Francisco, CA",1 to 50 employees,Computer Software,2015
98,128 Technology Careers,www.128technology.com,"Burlington, MA",51 to 200 employees,Information Technology & Services,2014
99,Vacasa Careers,www.vacasa.com,"Portland, OR","1,001 to 5,000 employees","Leisure, Travel & Tourism",2009
100,Quip Careers,quip.com,"San Francisco, CA",51 to 200 employees,Computer Software,2012
101,SolarCity Careers,www.solarcity.com,"San Mateo, CA","10,000+ employees",Environmental Services,2006
102,Tech Mahindra Careers,www.techmahindra.com,"Pune, India","10,000+ employees",Information Technology & Services,1986
103,Airlines Reporting Corp. Careers,www.arccorp.com,"Arlington, VA",201 to 500 employees,Information Technology & Services,1984
104,The Organic Recruiter Careers,www.theorganicrecruiter.com,"Los Angeles, CA",1 to 50 employees,Staffing & Recruiting,2016
105,Tomorrowish Careers,www.tomorrowish.com,"Boston, NY",1 to 50 employees,Internet,None
106,Upgrade Careers,upgrade.com,"San Francisco, CA",201 to 500 employees,Financial Services,2016
107,SAC Wireless Careers,www.sacw.com,"Chicago, IL","1,001 to 5,000 employees",Telecommunications,1996
108,Tucows Careers,www.tucows.com,"Toronto, Canada","501 to 1,000 employees",Information Technology & Services,1993
109,Sixth Man Careers,www.sixthman.net,"Atlanta, GA",1 to 50 employees,Computer Software,2001
110,Hawthorn Careers,www.pnc.com,"Pittsburgh, PA","10,000+ employees",Financial Services,1845
111,OpenGov Inc. Careers,opengov.com,"Redwood City, CA",51 to 200 employees,Internet,2012
112,ITC Limited Careers,www.itcportal.com,"Kolkata, India","10,000+ employees",Consumer Goods,1910
113,SmartStudy Careers,www.smartstudy.co.kr,"Seoul, South Korea",201 to 500 employees,Entertainment,2010
114,Masterclass Careers,www.masterclass.com,"San Francisco, CA",201 to 500 employees,E-learning,2012
115,ACS Solutions Careers,www.acsicorp.com,"Duluth, GA","10,000+ employees",Information Technology & Services,1998
116,zuumers Careers,www.zuumers.com,"San Francisco, CA",1 to 50 employees,Consumer Electronics,2017
117,DocuSign Careers,www.docusign.com,"Seattle, WA","1,001 to 5,000 employees",Computer Software,2003
118,King Street Capital Management Careers,www.kingstreet.com,"New York, NY",201 to 500 employees,Investment Management,1995
119,Inknown Careers,www.inknown.com,"San Jose, CA",1 to 50 employees,Internet,2018
120,Blackhawk Network Careers,www.blackhawknetwork.com,"Pleasanton, CA","1,001 to 5,000 employees",Financial Services,2001
121,Northrop Grumman Federal Credit Union Careers,www.ngfcu.us,"Gardena, CA",51 to 200 employees,Banking,1946
122,Syapse Careers,www.syapse.com,"San Francisco, CA",51 to 200 employees,Information Technology & Services,2008
123,Bigbelly Careers,www.bigbelly.com,"Needham, MA",51 to 200 employees,Environmental Services,2003
124,Track Revenue Careers,www.trackrevenue.com,"San Francisco, CA",1 to 50 employees,Information Technology & Services,2015
125,Bloomberg Industry Group Careers,www.bloombergindustry.com,"Arlington, VA","1,001 to 5,000 employees",Information Services,1929
126,Neato Robotics Careers,neatorobotics.com,"San Jose, CA",51 to 200 employees,Consumer Electronics,2005
127,Bold Commerce Careers,boldcommerce.com,"Winnipeg, Canada",201 to 500 employees,Information Technology & Services,2012
128,Keysight Technologies Careers,www.keysight.com,"Santa Rosa, CA","10,000+ employees",Computer Hardware,2014
129,Viziworx Creative Careers,www.viziworx.com,"Virginia Beach, VA",1 to 50 employees,Marketing & Advertising,2007
130,Credibility Capital Careers,www.credibilitycapital.com,"Newark, NJ",1 to 50 employees,Financial Services,2013
131,Melio Careers,www.meliopayments.com,"New York, NY",51 to 200 employees,Financial Services,2018
132,NRC Health Careers,www.nrchealth.com,"Lincoln, NE",201 to 500 employees,Hospital & Health Care,1981
133,Qontigo Careers,www.qontigo.com,"Eschborn, Germany","501 to 1,000 employees",Financial Services,1997
134,CipherHealth Careers,cipherhealth.com,"New York, NY",51 to 200 employees,Hospital & Health Care,2009
135,Oriental Trading Company Careers,www.orientaltrading.com,"Omaha, NE","1,001 to 5,000 employees",Retail,1932
136,HHAeXchange Careers,www.hhaexchange.com,"New York, NY",201 to 500 employees,Computer Software,2008
137,Postscript Careers,postscript.io,"San Francisco, CA",51 to 200 employees,Internet,2018
138,Leap Careers,leapcommerce.com,"ingapore, Singapore",51 to 200 employees,Internet,2021
139,McAfee Careers,www.mcafee.com,"Santa Clara, CA","5,001 to 10,000 employees",Computer & Network Security,1987
140,Mouser Electronics Careers,www.mouser.com,"Mansfield, TX","1,001 to 5,000 employees",Electrical & Electronic Manufacturing,1964
141,Logic20/20 Careers,www.logic2020.com,"Seattle, WA",201 to 500 employees,Management Consulting,2005
142,LP3 Careers,www.lp3.com,"Fairfax, VA",51 to 200 employees,Computer & Network Security,2004
143,Elementum Careers,www.elementum.com,"San Mateo, CA",201 to 500 employees,Computer Software,2013
144,Ant Financial Careers,www.antfinancialservices.com.au,"Hangzhou, China",1 to 50 employees,Internet,2014
145,FPT Software Careers,www.fpt-software.com,"Hanoi, Vietnam","10,000+ employees",Information Technology & Services,1999
146,mediaset Careers,www.mediaset.it,"Milan, Italy",201 to 500 employees,Broadcast & Online Media,1993
147,Lithium Technologies Careers,www.lithium.com,"San Francisco, CA",201 to 500 employees,Computer Software,2001
148,Healthgrades Careers,www.healthgrades.com,"Denver, CO","501 to 1,000 employees",Hospital & Health Care,1998
149,Kinesso Careers,www.kinesso.com,"New York, NY","1,001 to 5,000 employees",Marketing & Advertising,2009
150,Prolific Interactive Careers,www.prolificinteractive.com,"Brooklyn, NY",51 to 200 employees,Marketing & Advertising,2009
151,"Edison Energy, LLC Careers",www.edisonenergy.com,"Newport Beach, CA",51 to 200 employees,Environmental Services,2013
152,Kirkland & Ellis LLP Careers,www.kirkland.com,"Chicago, IL","1,001 to 5,000 employees",Legal Services,1909
153,Serverless Inc. Careers,www.serverless.com,"San Francisco, CA",1 to 50 employees,Computer Software,2016
154,Wise Ltd. Careers,wise.com,"London, United Kingdom","1,001 to 5,000 employees",Financial Services,2011
155,Sun Life Financial Careers,www.sunlife.com,"Toronto, Canada","10,000+ employees",Financial Services,1865
156,Fundbox Careers,fundbox.com,"San Francisco, CA",51 to 200 employees,Information Technology & Services,2013
157,Greenhill & Co. Careers,www.greenhill.com,"New York, NY",201 to 500 employees,Investment Banking,1999
158,SoftFinity Careers,www.softfinity.com,"San Francisco, CA",1 to 50 employees,Computer Software,1999
159,Voyager Careers,www.investvoyager.com,"Jersey City, NJ",1 to 50 employees,Financial Services,2017
160,DNSFilter Careers,www.dnsfilter.com,"Washington, DC",1 to 50 employees,Internet,2015
161,LeetCode Careers,www.leetcode.com,"Palo Alto, CA",1 to 50 employees,Information Technology & Services,2015
162,R1 RCM Careers,www.r1rcm.com,"Chicago, IL","10,000+ employees",Hospital & Health Care,2003
163,NEX Careers,www.nex.com,"London, United Kingdom","1,001 to 5,000 employees",Financial Services,2016
164,ICBC Careers,www.icbc.com,"Vancouver, BC","1,001 to 5,000 employees",Financial Services,1973
165,Foot Locker Careers,www.footlocker.com,"New York, NY","10,000+ employees",Retail,1974
166,class central Careers,www.classcentral.com,"Mountain View, CA",1 to 50 employees,E-learning,2011
167,Paddy Power Betfair Careers,www.paddypowerbetfair.jobs,"Dublin, Ireland","5,001 to 10,000 employees",Entertainment,2016
168,Coty Careers,www.coty.com,"Amsterdam, Netherlands","10,000+ employees",Cosmetics,1904
169,Dtex Systems Careers,www.dtexsystems.com,"San Jose, CA",51 to 200 employees,Computer Software,2002
170,HARVEST POINT MINISTRIES Careers,harvestpointministries.org,"La Porte, TX",1 to 50 employees,Religious Institutions,2008
171,WEX Careers,www.wexinc.com,"Portland, ME","1,001 to 5,000 employees",Financial Services,1983
172,CNA Insurance Careers,www.cna.com,"Chicago, IL","5,001 to 10,000 employees",Insurance,1897
173,BlinkUX Careers,blinkux.com,"Seattle, WA",51 to 200 employees,Design,2000
174,Alloy Careers,alloy.co,"New York, NY",1 to 50 employees,Computer Software,2015
175,Podium Careers,www.podium.com,"Lehi, UT","501 to 1,000 employees",Computer Software,2014
176,FormFactor Careers,www.formfactor.com,"Livermore, CA","1,001 to 5,000 employees",Semiconductors,1993
177,ADVA Careers,www.adva.com,"Norcross, GA","1,001 to 5,000 employees",Telecommunications,1994
178,Cornerstone Careers,www.cornerstoneondemand.com,"Santa Monica, CA","1,001 to 5,000 employees",Computer Software,1999
179,ASAPP Careers,www.asapp.com,"New York, NY",201 to 500 employees,Computer Software,2014
180,Pike13 Careers,www.pike13.com,"Seattle, WA",1 to 50 employees,Computer Software,2011
181,ServiceMaster Careers,www.servicemaster.com,"Memphis, TN","10,000+ employees",Consumer Services,1929
182,Kyruus Careers,www.kyruus.com,"Boston, MA",201 to 500 employees,Hospital & Health Care,2010
183,Logitech Careers,www.logitech.com,"Lausanne, Switzerland","1,001 to 5,000 employees",Computer Hardware,1981
184,Ring Careers,www.ring.com,"Santa Monica, CA","1,001 to 5,000 employees",Telecommunications,2013
185,Transamerica Careers,www.transamerica.com,"Baltimore, MD","5,001 to 10,000 employees",Financial Services,1904
186,plantx Careers,www.plantx.com,"Vancouver, BC",1 to 50 employees,Internet,2019
187,National Instruments Careers,www.ni.com,"Austin, TX","5,001 to 10,000 employees",Computer Hardware,1976
188,Integrated Device Technology Careers,www.idt.com,"San Jose, CA","1,001 to 5,000 employees",Semiconductors,1980
189,FAR Careers,www.farsecurity.com,"New York, NY",1 to 50 employees,Computer & Network Security,2017
190,BitTiger Careers,bittiger.io,"Santa Clara, CA",1 to 50 employees,E-learning,2015
191,Philips International Careers,www.pihc.com,"New York, NY",201 to 500 employees,Real Estate,1979
192,Landis+Gyr Careers,www.landisgyr.com,"Zug, Switzerland","5,001 to 10,000 employees",Computer Networking,1896
193,Area51 Careers,www.area51cloud.co,"San Francisco, CA",1 to 50 employees,Information Technology & Services,2019
194,Reliance Industries Careers,www.ril.com,"Navi Mumbai, India","10,000+ employees",Oil & Energy,1973
195,Ten-X Careers,www.ten-x.com,"Irvine, CA","501 to 1,000 employees",Financial Services,2009
196,Calico Careers,www.calicolabs.com,"San Francisco, CA",1 to 50 employees,Hospital & Health Care,2013
197,RoundPoint Careers,www.roundpointmortgage.com,"Fort Mill, SC","501 to 1,000 employees",Financial Services,2007
198,New Coast Ventures Careers,www.newcoastventures.com,"Chicago, IL",1 to 50 employees,Computer Software,2014
199,Gento Careers,www.gento.io,"Los Angeles, CA",1 to 50 employees,Hospital & Health Care,2016
200,AVL Careers,www.avl.com,"Graz, Austria","5,001 to 10,000 employees",Automotive,1948
201,Nuance Communications Careers,www.nuance.com,"Burlington, MA","10,000+ employees",Computer Software,1992
202,nususc Careers,www.nususc.com,"Singapore, Singapore","501 to 1,000 employees",Education Management,2001
203,August Home Careers,www.august.com,"San Francisco, CA",51 to 200 employees,Consumer Electronics,2012
204,Conviva Careers,www.conviva.com,"Foster City, CA",201 to 500 employees,Internet,2006
205,UMR Careers,www.umr.com,"Alexandria, VA",1 to 50 employees,Hospital & Health Care,2010
206,Curriculum Associates Careers,www.curriculumassociates.com,"North Billerica, MA","1,001 to 5,000 employees",Newspapers & Publishing,1976
207,Algolux Careers,www.algolux.com,"Montreal, Canada",51 to 200 employees,Computer Software,2014
208,CloudAcademy Careers,cloudacademy.com,"San Francisco, CA",51 to 200 employees,Information Technology & Services,2013
209,SmartPak Equine LLC Careers,www.smartpakequine.com,"Plymouth, MA","501 to 1,000 employees",Retail,1999
210,MyFitnessPal Careers,www.myfitnesspal.com,"San Francisco, CA",51 to 200 employees,Internet,2005
211,SCE Careers,www.sce.com,"Rosemead, CA","10,000+ employees",Utilities,1886
212,Ally Financial Careers,www.ally.com,"Detroit, MI","5,001 to 10,000 employees",Financial Services,1919
213,Autonomous Healthcare Careers,www.autonomoushealthcare.com,"New York, NY",1 to 50 employees,Medical Device,2013
214,Broadridge Careers,www.broadridge.com,"Lake Success, NY","10,000+ employees",Financial Services,2007
215,Mothership Careers,www.mothership.com,"Austin, TX",51 to 200 employees,Logistics & Supply Chain,2017
216,scrumconnect Careers,www.scrumconnect.com,"London, United Kingdom",51 to 200 employees,Computer Software,2011
217,Texas Education Agency Careers,www.tea.texas.gov,"Austin, TX","501 to 1,000 employees",Government Administration,1840
218,STATE Careers,www.statedesign.tv,"Los Angeles, CA",1 to 50 employees,Higher Education,2014
219,BBC Careers,www.bbc.co.uk,None,"10,000+ employees",Broadcast & Online Media,1922
220,VeriSign Careers,www.verisign.com,"Reston, VA","501 to 1,000 employees",Internet,1995
221,ZUME Pizza Careers,zumepizza.com,"Camarillo, California",51 to 200 employees,Food & Beverages,2018
222,NERA Economic Consulting Careers,www.nera.com,"New York, NY","501 to 1,000 employees",Management Consulting,1961
223,Webby Central Careers,www.webbycentral.com,"Walpole, MA",1 to 50 employees,Information Technology & Services,2013
224,First Citizens Bank Careers,www.firstcitizens.com,"Raleigh, NC","5,001 to 10,000 employees",Financial Services,1898
225,Availity Careers,www.availity.com,"Jacksonville, FL","501 to 1,000 employees",Information Technology & Services,2001
226,Oath Careers,www.oath.com,"New York, NY","10,000+ employees",Internet,2006
227,St Kilda Football Club Careers,www.saints.com.au,"Moorabbin, Australia",51 to 200 employees,Retail,1873
228,Appier Careers,www.appier.com,"Taipei, Taiwan",201 to 500 employees,Information Technology & Services,2012
229,Aha! Careers,www.aha.io,"San Francisco, CA",51 to 200 employees,Computer Software,2013
230,advanced.farm Careers,www.advanced.farm,"Davis, CA",1 to 50 employees,Industrial Automation,2018
231,PicoCandy Careers,picocandy.com,"Singapore, Singapore",1 to 50 employees,Internet,2013
232,Viceroy Solutions Careers,www.viceroysolutions.com,"Lenexa, KS",1 to 50 employees,Staffing & Recruiting,2008
233,Compass Group Careers,www.compass-group.com,"Chertsey, England","10,000+ employees",Food & Beverages,1941
234,DrFirst Careers,www.drfirst.com,"Rockville, MD",201 to 500 employees,Hospital & Health Care,2000
235,Excella Careers,www.excella.com,"Arlington, VA",201 to 500 employees,Information Technology & Services,2002
236,Twitter Careers,www.twitter.com,"San Francisco, CA","1,001 to 5,000 employees",Internet,2006
237,Annaly Careers,www.annaly.com,"New York, NY",51 to 200 employees,Financial Services,1997
238,Paravision Careers,www.paravision.ai,"San Francisco, CA",1 to 50 employees,Computer Software,2013
239,Joist Careers,www.joist.com,"Toronto, Canada",1 to 50 employees,Information Technology & Services,2011
240,Blue Newt Software Careers,www.blue-newt.com,"Ann Arbor, MI",1 to 50 employees,Computer Software,2003
241,CityMD Careers,www.citymd.com,"New York, NY","1,001 to 5,000 employees",Hospital & Health Care,2010
242,Homes.com Careers,www.homes.com,"Norfolk, VA",201 to 500 employees,Real Estate,1973
243,Johnson & Johnson Careers,www.jnj.com,"New Brunswick, NJ","10,000+ employees",Hospital & Health Care,1887
244,Discovery Careers,www.discovery.com,"New York, NY","10,000+ employees",Entertainment,1985
245,Volkswagen of America Careers,www.volkswagengroupofamerica.com,"Herndon, VA","1,001 to 5,000 employees",Automotive,1955
246,Audi Careers,www.audi.com,"Ingolstadt, Germany","10,000+ employees",Automotive,1909
247,Waltham Clinic Careers,www.walthamclinic.com,"Waltham, MA",1 to 50 employees,Hospital & Health Care,2019
248,LER TechForce Careers,www.lertechforce.com,"Columbus, IN",201 to 500 employees,Staffing & Recruiting,2001
249,NEPC Careers,www.nepc.com,"Boston, MA",201 to 500 employees,Financial Services,1986
250,Whova Careers,whova.com,"San Diego, CA",51 to 200 employees,Computer Software,2012
251,Statista Careers,www.statista.com,"Hamburg, Germany","1,001 to 5,000 employees",Information Technology & Services,2007
252,Molex Careers,www.molex.com,"Lisle, IL","10,000+ employees",Computer Hardware,1983
253,Canadian Pacific Railway Careers,www.cpr.ca,"Calgary, Alberta","10,000+ employees","Transportation, Trucking & Rail",1881
254,DC Government Careers,dc.gov,"Washington, DC","10,000+ employees",Government Administration,1973
255,Signal Careers,www.signal.org,"San Francisco, CA",1 to 50 employees,Internet,2013
256,Litmus7 Careers,www.litmus7.com,"San Francisco, CA",201 to 500 employees,Information Technology & Services,2009
257,6sense Careers,www.6sense.com,"San Francisco, CA",51 to 200 employees,Information Technology & Services,2013
258,Dapi Careers,www.dapi.com,"San Francisco, CA",1 to 50 employees,Financial Services,2019
259,Bosch Careers,www.bosch.com,"Gerlingen, Germany","10,000+ employees",Mechanical & Industrial Engineering,1906
260,Point72 Careers,www.point72.com,"Stamford, CT","1,001 to 5,000 employees",Financial Services,2014
261,Black Hills Solutions Careers,blackhillssolutions.com,"Box Elder, SD",1 to 50 employees,Information Technology & Services,2017
262,City Schools of Decatur Careers,www.csdecatur.net,"Decatur, GA","501 to 1,000 employees",Primary & Secondary Education,2015
263,Girls on the Run International Careers,www.girlsontherun.org,"Charlotte, NC",1 to 50 employees,Non-Profit Organization,1996
264,Cognizant Careers,www.cognizant.com,"Teaneck, NJ","10,000+ employees",Information Technology & Services,1994
265,HonorHealth Careers,honorhealth.com,"Scottsdale, AZ","10,000+ employees",Hospital & Health Care,2013
266,Vonage Careers,www.vonage.com,"Holmdel, NJ","1,001 to 5,000 employees",Information Technology & Services,2000
267,CME Corp. Careers,www.cmecorp.com,"Warwick, RI",201 to 500 employees,Hospital & Health Care,1976
268,Robotic Research Careers,rr.ai,"Clarksburg, MD",51 to 200 employees,Defense & Space,2002
269,ajmerainfotech Careers,www.ajmerainfotech.com,"Ahmedabad, India",1 to 50 employees,Computer Software,2012
270,StrongArm Tech Careers,www.strongarmtech.com,"Brooklyn, NY",1 to 50 employees,Information Technology & Services,2014
271,Bonusly Careers,www.bonus.ly,"Boulder, CO",51 to 200 employees,Internet,2013
272,FixStream Careers,www.fixstream.com,"San Jose, CA",51 to 200 employees,Information Technology & Services,2013
273,Jovia Careers,www.joviafinancial.com,"Westbury, NY",201 to 500 employees,Banking,1938
274,Bridgewater Associates Careers,www.bridgewater.com,"East Coast, New England, Northeastern US",None,Financial Services,1975
275,iProspect Careers,www.iprospect.com,"London, United Kingdom","5,001 to 10,000 employees",Marketing & Advertising,1996
276,Evans & Chambers Careers,www.evanschambers.com,"Washington, DC",51 to 200 employees,Information Technology & Services,2003
277,Phone Booth Press Careers,phoneboothpress.com,"Savannah, GA",1 to 50 employees,Newspapers & Publishing,2009
278,IRONSCALES Careers,ironscales.com,"Atlanta, GA",51 to 200 employees,Information Technology & Services,2013
279,Nissan Motor Corporation Careers,www.nissan-global.com,"Yokohama-shi, Japan","10,000+ employees",Automotive,1933
280,Hello Vino Careers,hellovino.com,"San Francisco, CA",1 to 50 employees,Food & Beverages,2009
281,Emtrain Careers,www.emtrain.com,"Sacramento, CA",1 to 50 employees,Internet,2006
282,Boosted Careers,www.boostedusa.com,"Mountain View, CA",51 to 200 employees,Consumer Electronics,2011
283,Instart Careers,www.instartlogic.com,"Palo Alto, CA",201 to 500 employees,Computer Software,2010
284,Kapsch Trafficcom Careers,www.kapsch.net,"Vienna, Austria","1,001 to 5,000 employees","Transportation, Trucking & Rail",2002
285,Risk Strategies Careers,www.risk-strategies.com,"Boston, MA","1,001 to 5,000 employees",Insurance,1997
286,BriteCore Careers,www.britecore.com,"Springfield, MO",201 to 500 employees,Computer Software,2009
287,Lambda Careers,www.lambdalabs.com,"San Francisco, CA",1 to 50 employees,Computer Hardware,2012
288,MAVERIT Careers,maverit.com,"Allen, SD",1 to 50 employees,Information Technology & Services,2019
289,North Highland Careers,www.northhighland.com,"Atlanta, GA","1,001 to 5,000 employees",Management Consulting,1992
290,maurices Careers,www.maurices.com,"Duluth, MN","5,001 to 10,000 employees",Retail,1931
291,Wunderkind Careers,www.wunderkind.co,"New York, NY",201 to 500 employees,Marketing & Advertising,2010
292,Mapbox Careers,www.mapbox.com,"San Francisco, CA",201 to 500 employees,Internet,2011
293,Ngen Careers,www.ngen.com,"Lanham, MD",1 to 50 employees,Computer & Network Security,1992
294,Western Dental & Orthodontics Careers,westerndentalcareers.com,"Orange, CA","1,001 to 5,000 employees",Hospital & Health Care,1903
295,OCLC Careers,oc.lc,"Dublin, OH","1,001 to 5,000 employees",Information Technology & Services,1967
296,Axiom Space Careers,www.axiomspace.com,"Houston, TX",51 to 200 employees,Aviation & Aerospace,2016
297,Mercari Careers,www.mercari.com,"Tokyo, Japan","1,001 to 5,000 employees",Internet,2013
298,AccuWeather Careers,www.accuweather.com,"State College, PA","501 to 1,000 employees",Broadcast & Online Media,1962
299,coles Careers,www.coles.com.au,"Melbourne, Australia","10,000+ employees",Retail,1914
300,Aquent Careers,www.aquent.com,"Boston, MA","10,000+ employees",Staffing & Recruiting,1986
301,DFW Careers,www.dfwairport.com,"DFW Airport, TX","1,001 to 5,000 employees",Aviation & Aerospace,1974
302,City of Austin Careers,www.austintexas.gov,"Austin, TX","10,000+ employees",Government Administration,1839
303,BJSS Careers,www.bjss.com,"Leeds, United Kingdom","1,001 to 5,000 employees",Information Technology & Services,1993
304,Lob Careers,lob.com,"San Francisco, CA",51 to 200 employees,Computer Software,2013
305,Reorg Careers,www.reorg.com,"New York, NY",201 to 500 employees,Financial Services,2012
306,Nuro Careers,www.nuro.ai,"Mountain View, CA",51 to 200 employees,Information Technology & Services,2016
307,Harmonix Music Systems Careers,www.harmonixmusic.com,"Boston, MA",51 to 200 employees,Computer Games,1995
308,Synthetic Genomics Careers,www.syntheticgenomics.com,"La Jolla, CA",201 to 500 employees,Biotechnology,2005
309,The Daily Californian Careers,www.dailycal.org,"Berkeley, CA",201 to 500 employees,Broadcast & Online Media,1871
310,Civitas Learning Careers,civitaslearning.com,"Austin, TX",51 to 200 employees,Education Management,2011
311,Huddle Careers,www.huddle.com,"London, United Kingdom",51 to 200 employees,Computer Software,2006
312,Nexon Careers,www.nexon.com,Tokyo,"501 to 1,000 employees",Computer Games,1994
313,Multibeam Corporation Careers,www.multibeamcorp.com,"Santa Clara, CA",51 to 200 employees,Semiconductors,2010
314,Vidyard Careers,www.vidyard.com,"Kitchener, Ontario",201 to 500 employees,Broadcast & Online Media,2011
315,Resolute Digital Careers,resolute.com,"New York, NY",1 to 50 employees,Marketing & Advertising,2008
316,Letgo Careers,www.letgo.com,"New York, NY",51 to 200 employees,Internet,2015
317,Skillz Careers,www.skillz.com,"San Francisco, CA",51 to 200 employees,Entertainment,2012
318,Peet's Coffee & Tea Careers,www.peets.com,"Emeryville, CA","5,001 to 10,000 employees",Retail,1966
319,American Tire Distributors Careers,www.atd-us.com,"Huntersville, NC","1,001 to 5,000 employees",Automotive,1935
320,ACTIV Financial Systems Careers,www.activfinancial.com,"Chicago, IL",51 to 200 employees,Financial Services,2002
321,IPG Careers,www.ipg.com,"Alpharetta, GA",51 to 200 employees,Marketing & Advertising,2004
322,xerris Careers,www.xerris.com,"Calgary, Canada",1 to 50 employees,Information Technology & Services,2018
323,Xactly Careers,www.xactlycorp.com,"San Jose, CA","501 to 1,000 employees",Computer Software,2005
324,Conga Careers,www.conga.com,"Broomfield, CO",201 to 500 employees,Information Technology & Services,2006
325,Got-It AI Careers,www.got-it.ai,"Burlingame, CA",51 to 200 employees,Computer Software,2013
326,Los Alamos National Laboratory Careers,www.lanl.gov,"Los Alamos, NM","10,000+ employees",Research,1943
327,Hillrom Careers,www.hillrom.com,"Chicago, IL","10,000+ employees",Medical Device,1915
328,Velocity Careers,www.velocity.in,"Bengaluru, India",1 to 50 employees,Financial Services,2020
329,Cigna Careers,www.cigna.com,"Bloomfield, CT","10,000+ employees","Health, Wellness & Fitness",1792
330,Verifi Inc. Careers,www.verifi.com,"Los Angeles, CA",201 to 500 employees,Financial Services,2005
331,Los Angeles Times Careers,Los Angeles Times,"Los Angeles, CA","1,001 to 5,000 employees",Newspapers & Publishing,1881
332,HCSS Careers,www.hcss.com,"Sugar Land, TX",201 to 500 employees,Computer Software,1986
333,Global Lending Services Careers,www.glsauto.com,"Greenville, SC","501 to 1,000 employees",Financial Services,2011
334,Peritus.ai Careers,peritus.ai,"Palo Alto, CA",1 to 50 employees,Computer Software,2017
335,ProSci Careers,www.prosci.com,"Fort Collins, CO",51 to 200 employees,Biotechnology,1994
336,erwin Careers,www.erwin.com,"Melville, NY",201 to 500 employees,Computer Software,2016
337,VHT Careers,www.vhtcx.com,"Akron, OH",51 to 200 employees,Computer Software,1995
338,REMI Careers,www.remi.com,"Amherst, MA",1 to 50 employees,Public Policy,1980
339,Cornell Surgical Careers,cornellsurgical.com,"Bergenfield, NJ",1 to 50 employees,Wholesale,1945
340,Herff Jones Careers,www.herffjones.com,"Indianapolis, IN","1,001 to 5,000 employees",Consumer Goods,1920
341,Lightspeed Venture Partners Careers,www.lsvp.com,"Menlo Park, CA",51 to 200 employees,Venture Capital & Private Equity,2000
342,Structural Careers,www.structural.com,"Minneapolis, MN",1 to 50 employees,Internet,2017
343,Committee for Children Careers,www.cfchildren.org,"Seattle, WA",51 to 200 employees,Primary & Secondary Education,1979
344,Nestle Careers,www.nestle.com,"Vevey, Switzerland","10,000+ employees",Food & Beverages,1867
345,Scholastic Careers,www.scholastic.com,"New York, NY","5,001 to 10,000 employees",Newspapers & Publishing,1920
346,CyberCube Careers,www.cybcube.com,"San Francisco, CA",51 to 200 employees,Computer Software,2015
347,Peak Careers,www.peak.ai,"Manchester, England",51 to 200 employees,Information Technology & Services,2014
348,Navient Careers,about.navient.com,"Wilmington, DE","5,001 to 10,000 employees",Financial Services,2014
349,BASIC Careers,www.basiconline.com,"Portage, MI",51 to 200 employees,Human Resources,1989
350,Happyelements Careers,www.happyelements.com,"Beijing, China","501 to 1,000 employees",Computer Games,2009
351,Archer Daniels Midland Company Careers,www.adm.com,"Chicago, IL","10,000+ employees",Food & Beverages,1902
352,SmartLens Analytics Careers,www.smartlensanalytics.com,"Santa Clara, CA",1 to 50 employees,Marketing & Advertising,2017
353,The Predictive Index Careers,www.predictiveindex.com,"Westwood, MA",201 to 500 employees,Human Resources,1955
354,LionTree LLC Careers,www.liontree.com,"New York, NY",51 to 200 employees,Financial Services,2012
355,Alion Science and Technology Careers,www.alionscience.com,"McLean, VA","1,001 to 5,000 employees",Defense & Space,2002
356,Figure Careers,www.figure.com,"San Francisco, CA",51 to 200 employees,Financial Services,2018
357,XO Group Careers,www.xogroupinc.com,"New York, NY","501 to 1,000 employees",Broadcast & Online Media,1996
358,CBS Interactive Careers,www.cbsinteractive.com,"San Francisco, CA","1,001 to 5,000 employees",Broadcast & Online Media,2007
359,WeRide.ai Careers,www.weride.ai,"San Jose, CA",201 to 500 employees,Computer Software,2017
360,Neuberger Berman Careers,www.nb.com,"New York, NY","1,001 to 5,000 employees",Financial Services,1939
361,Syserco Careers,www.syserco.com,"Fremont, CA",51 to 200 employees,Construction,1973
362,BEUMER Group Careers,www.beumergroup.com,"Beckum, Germany","1,001 to 5,000 employees",Industrial Automation,1935
363,Ombud Careers,www.ombud.com,"Denver, CO",1 to 50 employees,Computer Software,2011
364,Community Coffee Company Careers,www.communitycoffee.com,"Baton Rouge, LA","501 to 1,000 employees",Food & Beverages,1919
365,Agilysys Careers,www.agilysys.com,"Alpharetta, GA","1,001 to 5,000 employees",Information Technology & Services,1963
366,Applause Careers,www.applause.com,"Framingham, MA",201 to 500 employees,Information Technology & Services,2007
367,Starwood Careers,www.starwoodhotels.com,"Stamford, CT","10,000+ employees",Real Estate,1980
368,Appirio Careers,www.appirio.com,"Indianapolis, IN","1,001 to 5,000 employees",Information Technology & Services,2006
369,Ashling Partners Careers,www.ashlingpartners.com,"Chicago, IL",51 to 200 employees,Information Technology & Services,2017
370,Brightstar Corp. Careers,www.brightstar.com,"Miami, FL","5,001 to 10,000 employees",Telecommunications,1997
371,American Red Cross Careers,www.redcross.org,"Washington, DC","10,000+ employees",Non-Profit Organization,1881
372,Federal Communications Careers,fcc.gov,"Washington, DC","1,001 to 5,000 employees",Government Administration,1934
373,Conseqta Careers,www.conseqta.com,"Arlington, VA",1 to 50 employees,Computer Software,None
374,R Systems Careers,www.rsystems.com,"El Dorado Hills, CA","1,001 to 5,000 employees",Information Technology & Services,1993
375,Strasz Careers,www.strasz.com,"Princeton, NJ",1 to 50 employees,Computer Software,1995
376,Grubhub Careers,www.grubhub.com,"New York, NY","1,001 to 5,000 employees",Internet,2004
377,Alchemy Careers,alchemy.com,"San Francisco, CA",1 to 50 employees,Computer Software,2017
378,Kanarys Careers,kanarys.com,"Dallas, TX",1 to 50 employees,Information Technology & Services,2018
379,Chorus.ai. Careers,chorus.ai,"San Francisco, CA",51 to 200 employees,Computer Software,2015
380,NYC Department of Social Services Careers,www1.nyc.gov,"New York, NY","10,000+ employees",Government Administration,1966
381,Mailchimp Careers,www.mailchimp.com,"Atlanta, GA","501 to 1,000 employees",Computer Software,2001
382,Xealth Careers,www.xealth.io,"Seattle, WA",1 to 50 employees,Hospital & Health Care,2017
383,BPM LLP Careers,www.bpmcpa.com,"San Francisco, CA","501 to 1,000 employees",Accounting,1986
384,Clearcover Careers,www.clearcover.com,"Chicago, IL",201 to 500 employees,Insurance,2016
385,Altran Careers,www.altran.com,"Neuilly-sur-Seine, France","10,000+ employees",Information Technology & Services,1982
386,Solv. Careers,www.solvhealth.com,"San Francisco, CA",1 to 50 employees,Internet,2016
387,Essity Careers,www.essity.com,"Stockholm, Sweden","10,000+ employees",Consumer Goods,1029
388,Harbor Freight Tools Careers,harborfreightjobs.com,"Calabasas, CA","10,000+ employees",Retail,1977
389,onepoint Careers,www.groupeonepoint.com,"Paris, France","1,001 to 5,000 employees",Management Consulting,2002
390,QuoteWizard Careers,quotewizard.com,"Seattle, WA",51 to 200 employees,Insurance,2006
391,AAA Careers,www.aaa.com,"Heathrow, FL","5,001 to 10,000 employees",Consumer Services,1902
392,Granicus Careers,granicus.com,"Denver, CO","501 to 1,000 employees",Computer Software,1999
393,Bechtel Careers,www.bechtel.com,"Reston, VA","10,000+ employees",Construction,1898
394,Fiverr Careers,fiverr,"New York, NY",201 to 500 employees,Internet,2010
395,Fulton County Schools Careers,www.fultonschools.org,"Atlanta, GA","10,000+ employees",Education Management,1871
396,Applied Underwriters Careers,auw.com,"Omaha, NE","501 to 1,000 employees",Insurance,1994
397,CloudBees Careers,www.cloudbees.com,"San Jose, CA","501 to 1,000 employees",Computer Software,2010
398,CompStak Careers,www.compstak.com,"New York, NY",51 to 200 employees,Internet,2011
399,Starling Bank Careers,www.starlingbank.com,"London, United Kingdom","1,001 to 5,000 employees",Banking,2014
400,RCC Careers,www.rcconsulting.com,"Fairfield, CA",1 to 50 employees,Information Technology & Services,1985
401,Lenovo Careers,www.lenovo.com,"Beijing, China","10,000+ employees",Computer Hardware,1984
402,nectarconsulting Careers,www.nectarconsulting.com.br,"Hayward, CA",1 to 50 employees,Management Consulting,2001
403,RapidAI Careers,www.rapidai.com,"Menlo Park, CA",51 to 200 employees,Medical Device,2012
404,CLARA analytics Careers,www.claraanalytics.com,"Santa Clara, CA",1 to 50 employees,Insurance,2016
405,Cvent Careers,www.cvent.com,"Tysons Corner, VA","1,001 to 5,000 employees",Computer Software,1999
406,Huawei Careers,www.huawei.com,"Shenzhen, China","1,001 to 5,000 employees",Computer Networking,1999
407,CertiK Careers,certik.io,"New York, NY",1 to 50 employees,Computer Software,2017
408,HCL Technologies Careers,www.hcltech.com,"Noida, India","10,000+ employees",Information Technology & Services,1991
409,Turbine Labs Careers,www.turbinelabs.com,"Greenwood Village, CO",1 to 50 employees,Computer Software,2014
410,Valeo Careers,www.valeo.com,"Paris, France","10,000+ employees",Automotive,1923
411,ProcureAbility Careers,www.procureability.com,"Jacksonville, FL",51 to 200 employees,Management Consulting,1996
412,Teachable Careers,teachable.com,"New York, NY",51 to 200 employees,E-learning,2014
413,Sartorius Careers,www.sartorius.com,"Goettingen, Germany","10,000+ employees",Biotechnology,1870
414,NetSuite Careers,www.netsuite.com,"San Mateo, CA","10,000+ employees",Computer Software,1998
415,Ontario Insurance Company Careers,www.ontarioinsco.com,"Shortsville, NY",1 to 50 employees,Insurance,1877
416,BlueFletch Careers,www.bluefletch.com,"Atlanta, GA",1 to 50 employees,Computer Software,2008
417,InRhythm Careers,www.inrhythm.com,"New York, NY",51 to 200 employees,Information Technology & Services,2002
418,protecht Careers,www.protecht.io,"Phoenix, AZ",1 to 50 employees,Internet,2016
419,YieldStreet Careers,www.yieldstreet.com,"New York, NY",51 to 200 employees,Financial Services,2015
420,CDK Global Careers,www.cdkglobal.com,"Hoffman Estates, IL","5,001 to 10,000 employees",Computer Software,2014
421,DeepMap Careers,www.deepmap.ai,"Palo Alto, CA",51 to 200 employees,Computer Software,2016
422,Empire State Bank Careers,www.esbna.com,"New York, NY",1 to 50 employees,Banking,2004
423,Nestl√© Purina Careers,www.nestlepurinacareers.com,"St. Louis, MO","5,001 to 10,000 employees",Consumer Goods,1894
424,Fyle Careers,www.fylehq.com,"Newark, DE",51 to 200 employees,Computer Software,2016
425,ADARA Careers,adara.com,"Palo Alto, CA",201 to 500 employees,Internet,2009
426,Enlitic Careers,enlitic.com,"San Francisco, CA",1 to 50 employees,Medical Device,2014
427,New Incentives Careers,www.newincentives.org,"Walnut, CA",51 to 200 employees,Non-Profit Organization,2014
428,Columbia Bank Careers,www.columbiabank.com,"Tacoma, WA","1,001 to 5,000 employees",Financial Services,1993
429,Softjourn Careers,softjourn.com,"Fremont, CA",201 to 500 employees,Computer Software,2001
430,Unruly Studios Careers,www.unrulystudios.com,"Boston, MA",1 to 50 employees,Primary & Secondary Education,2014
431,Dun & Bradstreet Careers,www.dnb.com,"Short Hills, NJ","5,001 to 10,000 employees",Financial Services,1841
432,SURE Careers,www.sureapp.com,"Santa Monica, CA",51 to 200 employees,Insurance,2014
433,Niagara Careers,www.niagarawater.com,"Diamond Bar, CA","1,001 to 5,000 employees",Food & Beverages,1963
434,LBUSD Careers,www.lbschools.net,"Long Beach, CA","10,000+ employees",Primary & Secondary Education,1921
435,Herman Miller Careers,www.hermanmiller.com,"Zeeland, MI","1,001 to 5,000 employees",Retail,1905
436,ForgeRock Careers,www.forgerock.com,"San Francisco, CA","501 to 1,000 employees",Information Technology & Services,2010
437,Terakeet Careers,www.terakeet.com,"Syracuse, NY",201 to 500 employees,Marketing & Advertising,2001
438,Pill Club Careers,thepillclub.com,"San Mateo, CA",201 to 500 employees,Hospital & Health Care,2014
439,ING Group Careers,www.ing.com,"Amsterdam, Netherlands","10,000+ employees",Financial Services,1991
440,Unilever Careers,www.unilever.com,"Blackfriars, United Kingdom","10,000+ employees",Retail,1872
441,Process Equipment Company Careers,www.peco-us.com,"Tipp City, OH",51 to 200 employees,Materials & Manufacturing,1946
442,U.S. Department of Housing and Urban Development Careers,www.va.gov,"Washington, DC","10,000+ employees",Government Administration,1930
443,Global Medical Response Careers,www.globalmedicalresponse.com,"Greenwood Village, CO","10,000+ employees",Hospital & Health Care,2018
444,Ladder Insurance Careers,www.ladderlife.com,"Palo Alto, CA",51 to 200 employees,Internet,2015
445,AWeber Careers,www.aweber.com,"Chalfont, PA",51 to 200 employees,Computer Software,1998
446,crxmarkets Careers,www.crxmarkets.com,"Munich, Germany",51 to 200 employees,Financial Services,2012
447,Xiaomi Careers,www.mi.com,"Beijing, China","10,000+ employees",Internet,2010
448,180 Degrees Consulting Careers,www.180dc.org,"Sydney, Australia","5,001 to 10,000 employees",Non-Profit Organization,2007
449,Veralogiq Careers,www.veralogiq.com,"Springfield, MO",1 to 50 employees,Computer Software,2020
450,Panzura Careers,panzura.com,"Campbell, CA",51 to 200 employees,Information Technology & Services,2008
451,Firework Careers,www.fireworkhq.com,"Redwood City, CA",51 to 200 employees,Computer Software,2017
452,Ciena Careers,www.ciena.com,"Hanover, MD","10,000+ employees",Computer Networking,1992
453,MPOWER Financing Careers,www.mpowerfinancing.com,"Washington, DC",1 to 50 employees,Financial Services,2014
454,Box Careers,www.box.com,"Redwood City, CA","1,001 to 5,000 employees",Internet,2005
455,The Muse Careers,www.themuse.com,"New York, NY",51 to 200 employees,Internet,2011
456,AdeptDC Careers,www.adeptdc.com,"San Francisco, CA",1 to 50 employees,Internet,2014
457,Danone Careers,www.danone.com,"Paris, France","10,000+ employees",Food & Beverages,1919
458,BitGo Careers,bitgo.com,"Palo Alto, CA",51 to 200 employees,Financial Services,2013
459,awareabilitytechnologies Careers,www.awaretk.com,"Columbus, OH",1 to 50 employees,Information Technology & Services,2014
460,Saggezza Careers,www.saggezza.com,"Chicago, IL","501 to 1,000 employees",Information Technology & Services,2003
461,HackerOne Careers,hackerone.com,"San Francisco, CA",201 to 500 employees,Computer & Network Security,2012
462,Brex Careers,www.brex.com,"San Francisco, CA",201 to 500 employees,Financial Services,2017
463,Universal Music Group Careers,www.universalmusic.com,"Santa Monica, CA","5,001 to 10,000 employees",Entertainment,1934
464,WorkReduce Careers,workreduce.com,"Boston, MA",51 to 200 employees,Marketing & Advertising,2015
465,Leggett & Platt Careers,www.leggett.com,"Carthage, MO","10,000+ employees",Retail,1883
466,Quid Careers,www.quid.com,"San Francisco, CA",51 to 200 employees,Computer Software,2010
467,Mitsubishi Corporation Careers,www.mitsubishicorp.com,"Tokyo, Japan","5,001 to 10,000 employees",Mechanical & Industrial Engineering,1950
468,Marvell Semiconductor Careers,www.marvell.com,"Santa Clara, CA","5,001 to 10,000 employees",Semiconductors,1995
469,Points Careers,points.com,"Toronto, Canada",201 to 500 employees,Internet,1999
470,The Aerospace Corp.  Careers,aerospace.org,"El Segundo, CA","1,001 to 5,000 employees",Defense & Space,1960
471,Aspen Technology Careers,www.aspentech.com,"Bedford, MA","1,001 to 5,000 employees",Computer Software,1981
472,SalesLoft Careers,salesloft.com,"Atlanta, GA",201 to 500 employees,Computer Software,2011
473,GENBAND Careers,www.genband.com,"Plano, TX","1,001 to 5,000 employees",Computer Networking,1999
474,Chef Careers,www.chef.io,"Seattle, WA",201 to 500 employees,Information Technology & Services,2008
475,Webdam Careers,www.bynder.com,"San Mateo, CA",201 to 500 employees,Computer Software,2005
476,Custom Computer Specialists Careers,www.customtech.com,"Hauppauge, NY",201 to 500 employees,Information Technology & Services,1979
477,Upthere Careers,www.upthere.com,"Redwood City, CA",51 to 200 employees,Computer Software,2011
478,Step Careers,www.step.com,"Palo Alto, CA",1 to 50 employees,Financial Services,2018
479,SignalFx Careers,signalfx.com,"San Francisco, CA","5,001 to 10,000 employees",Computer Software,2013
480,Heritage Trust Company Careers,www.heritagetrust.com,"Oklahoma City, OK",1 to 50 employees,Banking,1998
481,Quizlet Careers,quizlet.com,"San Francisco, CA",51 to 200 employees,E-learning,2015
482,National Renewable Energy Laboratory Careers,www.nrel.gov,"Golden, CO","1,001 to 5,000 employees",Research,1977
483,WP Engine Careers,www.wpengine.com,"Austin, Texas","501 to 1,000 employees",Information Technology & Services,2010
484,VerticalScope Careers,www.verticalscope.com,"Toronto, Canada","501 to 1,000 employees",Broadcast & Online Media,1999
485,larsentoubro Careers,www.larsentoubro.com,"Mumbai, India","10,000+ employees",Materials & Manufacturing,1938
486,Fidelity National Financial Careers,www.fnf.com,"Jacksonville, FL","10,000+ employees",Financial Services,1847
487,Wacom Technology Corp. Careers,www.wacom.com,"Portland, OR","1,001 to 5,000 employees",Computer Hardware,1983
488,Lee Hecht Harrison Careers,www.lhh.com,"Maitland, FL","1,001 to 5,000 employees",Management Consulting,1967
489,CREA Careers,www.creallc.com,"Indianapolis, IA",51 to 200 employees,Real Estate,2001
490,Universal Electronics Careers,www.uei.com,"Scottsdale, AZ","1,001 to 5,000 employees",Computer Hardware,1986
491,Rizing Careers,www.rizing.com,"Stamford, CT","501 to 1,000 employees",Information Technology & Services,2012
492,The Kraft Heinz Company Careers,www.kraftheinzcompany.com,"Chicago, IL","10,000+ employees",Food & Beverages,2015
493,Flybits Careers,flybits.com,"Toronto, Canada",51 to 200 employees,Computer Software,2013
494,Portworx Careers,portworx.com,"Los Altos, CA",51 to 200 employees,Computer Software,2014
495,ATL Careers,www.atlinc.com,"Ramsey, NJ",1 to 50 employees,Automotive,1970
496,IPSY Careers,www.ipsy.com,"San Mateo, CA",201 to 500 employees,Retail,2011
497,Instabug Careers,www.instabug.com,"San Francisco, CA",51 to 200 employees,Computer Software,2014
498,Vida Health Careers,www.vida.com,"San Francisco, CA",51 to 200 employees,Hospital & Health Care,2014
499,Faithful+Gould Careers,www.fgould.com,"London, United Kingdom","1,001 to 5,000 employees",Construction,1947
500,Zaius Careers,zaius.com,"Boston, MA",51 to 200 employees,Computer Software,2012
501,Katerra Careers,www.katerra.com,"Menlo Park, CA","5,001 to 10,000 employees",Construction,2015
502,TestEquity Careers,www.testequity.com,"Moorpark, CA",201 to 500 employees,Electrical & Electronic Manufacturing,1971
503,Babylon Health Careers,www.babylonhealth.com,"London, United Kingdom","1,001 to 5,000 employees",Hospital & Health Care,2013
504,Orochem Technologies Careers,www.orochem.com,"Naperville, IL",51 to 200 employees,Biotechnology,1996
505,clykk Careers,www.clykk.com,"Bangalore, India",1 to 50 employees,Consumer Services,2016
506,Weight Watchers Careers,www.ww.com,"New York, NY","10,000+ employees","Health, Wellness & Fitness",1963
507,Alto Pharmacy Careers,alto.com,"San Francisco, CA","501 to 1,000 employees",Hospital & Health Care,2015
508,TopFunnel Careers,www.topfunnel.com,"San Francisco, CA",1 to 50 employees,Computer Software,2017
509,Plymouth Rock Assurance Careers,www.plymouthrock.com,"Boston, MA","1,001 to 5,000 employees",Insurance,1982
510,Santa Barbara Auto Group Careers,www.sbautogroup.com,"Santa Barbara, CA",51 to 200 employees,Automotive,2004
511,Michaels Careers,www.michaels.com,"Irving, TX","10,000+ employees",Retail,1973
512,Attentive Careers,attentivemobile.com,"New York, NY","501 to 1,000 employees",Marketing & Advertising,2016
513,NTELX Careers,www.ntelx.com,"McLean, VA",1 to 50 employees,Information Technology & Services,1999
514,"Sangamo Therapeutics, Inc. Careers",www.sangamo.com,"Brisbane, CA",201 to 500 employees,Biotechnology,1995
515,Trinidad Benham Careers,www.trinidadbenham.com,"Denver, CO","501 to 1,000 employees",Consumer Goods,1917
516,Apartment Therapy Careers,apartmenttherapy.com,"New York, NY",51 to 200 employees,Newspapers & Publishing,2004
517,Dytek Solutions Careers,www.dyteksolutions.com,"Phoenix, AZ",1 to 50 employees,Information Technology & Services,2013
518,Analysis Group Careers,www.analysisgroup.com,"Boston, MA","1,001 to 5,000 employees",Management Consulting,1981
519,OpenText Careers,www.opentext.com,"Waterloo, Canada","10,000+ employees",Computer Software,1991
520,Faronics Careers,www.faronics.com,"Vancouver, BC",51 to 200 employees,Computer Software,1996
521,Archegos Capital Careers,www.archegoscapital.com,"New York, NY",1 to 50 employees,Investment Management,2013
522,KEYENCE CORPORATION Careers,www.keyence.com,"Osaka, Japan","5,001 to 10,000 employees",Industrial Automation,1974
523,Khan Academy Careers,www.khanacademy.org,"Palo Alto, CA",51 to 200 employees,Education Management,2007
524,MotorTrend Careers,www.motortrendgroup.com,"Silver Spring, MD","501 to 1,000 employees",Broadcast & Online Media,1948
525,Cadence Design Systems Careers,www.cadence.com,"San Jose, CA","5,001 to 10,000 employees",Computer Software,1988
526,TransferWise Careers,www.transferwise.com,"London, United Kingdom","1,001 to 5,000 employees",Financial Services,2011
527,Conversica Careers,www.conversica.com,"Foster City, CA",201 to 500 employees,Information Technology & Services,2007
528,Kittyhawk Careers,www.kittyhawkinc.com,"Garden Grove, CA",1 to 50 employees,Aviation & Aerospace,1981
529,Smucker Careers,www.jmsmucker.com,"Orrville, OH","5,001 to 10,000 employees",Consumer Goods,1897
530,Webalo Careers,www.webalo.com,"Los Angeles, CA",51 to 200 employees,Computer Software,2015
531,Donut Careers,www.donut.app,"Los Angeles, CA",1 to 50 employees,Consumer Services,2018
532,Wyzant Careers,www.wyzant.com,"Chicago, IL",51 to 200 employees,Internet,2005
533,OMD Careers,www.omd.com,"New York, NY","1,001 to 5,000 employees",Marketing & Advertising,1996
534,OmniVision Technologies Careers,www.ovt.com,"Santa Clara, CA","1,001 to 5,000 employees",Semiconductors,1995
535,Nanotronics Careers,nanotronics.co,"New York, NY",51 to 200 employees,Industrial Automation,2010
536,Florida Department of Environmental Protection Careers,www.dep.state.fl.us,"Tallahassee, FL","1,001 to 5,000 employees",Environmental Services,1986
537,Tinybeans Careers,www.tinybeans.com,"New York, NY",1 to 50 employees,Consumer Services,2012
538,LeadIQ Careers,leadiq.com,"Redwood City, CA",51 to 200 employees,Computer Software,2015
539,Partnology Careers,www.partnology.com,"San Diego, CA",1 to 50 employees,Staffing & Recruiting,2019
540,Paymerang Careers,paymerang.com,"Richmond, VA",51 to 200 employees,Financial Services,2010
541,Asteelflash Careers,www.asteelflash.com,"Neuilly Plaisance, France","1,001 to 5,000 employees",Electrical & Electronic Manufacturing,1999
542,Hilti Careers,www.hilti.group,"Schaan, Liechtenstein","10,000+ employees",Construction,1941
543,Brain Corp Careers,braincorp.com,"San Diego, CA",201 to 500 employees,Computer Software,2009
544,Esurance Careers,www.esurance.com,"San Francisco, CA","1,001 to 5,000 employees",Financial Services,1999
545,Luminar Technologies Careers,www.luminartech.com,"Orlando, FL",201 to 500 employees,Automotive,2012
546,tomcomunicacao Careers,www.tomcomunicacao.com.br,"Minas Gerais, Brazil",51 to 200 employees,Marketing & Advertising,2001
547,ShareBuilder 401k Careers,www.sharebuilder401k.com,"Seattle, WA",1 to 50 employees,Financial Services,2005
548,Campbell Careers,campbells.com,"Camden, NJ","10,000+ employees",Food & Beverages,1869
549,Spoke Careers,www.atspoke.com,"San Francisco, CA",1 to 50 employees,Computer Software,2016
550,Red Hat Careers,www.redhat.com,"Raleigh, NC","10,000+ employees",Computer Software,1993
551,Bank of America Careers,www.bankofamerica.com,"Charlotte, NC","10,000+ employees",Financial Services,1904
552,BlueStacks Careers,www.bluestacks.com,"Campbell, CA",201 to 500 employees,Computer Software,2011
553,TeamViewer Careers,www.teamviewer.com,"G√∂ppingen, Baden-W√ºrttemberg","1,001 to 5,000 employees",Computer Software,2005
554,myKaarma Careers,www.mykaarma.com,"Long Beach, CA",51 to 200 employees,Automotive,2012
555,"Noble Royalties, Inc. Careers",www.nobleroyalties.com,"Addison, TX",51 to 200 employees,Financial Services,1997
556,Topgolf Careers,www.topgolf.com,"Dallas, TX","10,000+ employees",Broadcast & Online Media,2000
557,Blue Origin Careers,www.blueorigin.com,"Kent, WA","1,001 to 5,000 employees",Defense & Space,2000
558,STMicroelectronics Careers,www.st.com,"Geneva, Switzerland","10,000+ employees",Semiconductors,1987
559,Comcast Careers,www.comcast.com,"Philadelphia, PA","10,000+ employees",Telecommunications,1963
560,PredictSpring Careers,www.predictspring.com,"Los Altos, CA",1 to 50 employees,Computer Software,2013
561,VSA Partners Careers,www.vsapartners.com,"Chicago, IL",201 to 500 employees,Design,1982
562,Tubi TV Careers,www.tubitv.com,"San Francisco, CA",201 to 500 employees,Entertainment,2014
563,Turing Video Careers,www.turingvideo.com,"San Mateo, CA",1 to 50 employees,Facilities Services,2017
564,Clear Capital Careers,www.clearcapital.com,"Reno, NV","501 to 1,000 employees",Financial Services,2001
565,Varagon Careers,www.varagon.com,"New York, NY",51 to 200 employees,Investment Management,2014
566,SwagUp Careers,www.swagup.com,"Union City, NJ",51 to 200 employees,Marketing & Advertising,2017
567,OCR Careers,www.ocr-inc.com,"Rockville, MD",201 to 500 employees,Computer Software,1983
568,IoTeX Careers,www.iotex.io,"San Francisco, CA",1 to 50 employees,Information Technology & Services,2017
569,accesso Careers,www.accesso.com,"Lake Mary, FL",201 to 500 employees,Information Technology & Services,2000
570,PitchBook Data Careers,www.pitchbook.com,"Seattle, WA","1,001 to 5,000 employees",Venture Capital & Private Equity,2007
571,Marsh ClearSight Careers,www.marshclearsight.com,"Chicago, IL","501 to 1,000 employees",Information Technology & Services,1967
572,Creative Rein Careers,creative-rein.com,"Palo Alto, CA",1 to 50 employees,Management Consulting,2009
573,B-Stock Solutions Careers,bstock.com,"Belmont, CA",51 to 200 employees,Logistics & Supply Chain,2008
574,Finden Careers,myfinden.com,"San Francisco, CA",1 to 50 employees,Financial Services,2020
575,Airbase Careers,www.airbase.com,"San Francisco, CA",51 to 200 employees,Financial Services,2017
576,CVP Careers,www.cvpcorp.com,"Fairfax, VA",201 to 500 employees,Management Consulting,2002
577,Phenom People Careers,www.phenompeople.com,"Ambler, PA","501 to 1,000 employees",Computer Software,2011
578,injazat Careers,www.injazat.com,"Abu Dhabi, UAE","1,001 to 5,000 employees",Information Technology & Services,2005
579,PeerIQ Careers,www.peeriq.com,"New York, NY",1 to 50 employees,Financial Services,2014
580,Ryder Careers,www.ryder.com,"Miami, FL","10,000+ employees","Transportation, Trucking & Rail",1933
581,Lemonade Careers,www.lemonade.com,"New York, NY","501 to 1,000 employees",Insurance,2015
582,Blink Health Careers,www.blinkhealth.com,"New York, NY",201 to 500 employees,"Health, Wellness & Fitness",2014
583,VALiNTRY Careers,valintry.com,"Winter Park, FL",51 to 200 employees,Staffing & Recruiting,2013
584,Optimal Synthesis Inc. Careers,www.optisyn.com,"Los Altos, CA",1 to 50 employees,Aviation & Aerospace,1992
585,Palmos Careers,www.palmos.co,"Somerville, MA",1 to 50 employees,Environmental Services,2016
586,Currencycloud Careers,www.currencycloud.com,"London, United Kingdom",51 to 200 employees,Financial Services,2012
587,EPRI Careers,www.epri.com,"Palo Alto, CA","501 to 1,000 employees",Utilities,1973
588,RealSelf Careers,www.realself.com,"Seattle, WA",201 to 500 employees,Internet,2006
589,Groq Careers,groq.com,"Mountain View, CA",51 to 200 employees,Semiconductors,2016
590,Univision Communications Careers,corporate.univision.com,"New York, NY","1,001 to 5,000 employees",Broadcast & Online Media,1962
591,Liberty Mutual Insurance Careers,www.libertymutualgroup.com,"Boston, MA","10,000+ employees",Financial Services,1912
592,MobMaxime Careers,www.mobmaxime.com,"Ahmedabad, Gujarat",1 to 50 employees,Computer Software,2009
593,Eze Software Careers,www.ezesoft.com,"Greater Boston Area, East Coast, New England","501 to 1,000 employees",Computer Software,1995
594,Deliv Careers,www.deliv.co,"Menlo Park, CA",1 to 50 employees,Internet,2012
595,CommerceIQ Careers,www.commerceiq.a,"Mountain View, CA",51 to 200 employees,Computer Software,2013
596,First Advantage Careers,www.fadv.com,"Atlanta, GA","1,001 to 5,000 employees",Information Technology & Services,2003
597,GoShare Careers,www.goshare.co,"San Diego, CA",1 to 50 employees,Internet,2014
598,si-vision Careers,www.si-vision.com,"London, United Kingdom",201 to 500 employees,Semiconductors,2007
599,Healthfirst Inc. Careers,www.healthfirst.org,"New York, NY","1,001 to 5,000 employees",Hospital & Health Care,1993
600,Talkdoc Careers,www.talkdoc.co,"San Francisco, CA",1 to 50 employees,Hospital & Health Care,2018
601,CallMiner Careers,www.callminer.com,"Waltham, MA",201 to 500 employees,Computer Software,2002
602,Alaska Airlines Careers,www.alaskaair.com,"Seattle, WA","10,000+ employees",Aviation & Aerospace,1932
603,SUSE Careers,www.suse.com,"N√ºrnberg, Germany","1,001 to 5,000 employees",Computer Software,1992
604,damedic Careers,www.damedic.ai,"K√∂ln, Germany",1 to 50 employees,Hospital & Health Care,2018
605,Phoenix International Publications Careers,www.pikidsmedia.com,"Chicago, IL",51 to 200 employees,Newspapers & Publishing,2014
606,Sweetgreen Careers,www.sweetgreen.com,"Culver City, CA","1,001 to 5,000 employees",Food & Beverages,2007
607,Mailgun Technologies Careers,www.mailgun.com,"San Antonio, TX",201 to 500 employees,Computer Software,2010
608,Qopper Careers,www.qopper.com,"San Jose, CA",1 to 50 employees,Internet,2017
609,dscout Careers,dscout.com,"Chicago, IL",51 to 200 employees,Research,2011
610,Tesco Careers,www.tescoplc.com,"Welwyn Garden City, England","10,000+ employees",Retail,1919
611,Giraphix Creative Careers,giraphixcreative.com,"Tampa, FL",1 to 50 employees,Marketing & Advertising,2011
612,U.S. Naval Research Laboratory Careers,www.nrl.navy.mil,"Washington, DC","1,001 to 5,000 employees",Research,1923
613,SageSure Insurance Managers Careers,sagesure.com,"Jersey City, NJ",201 to 500 employees,Insurance,2006
614,SharkNinja Careers,www.sharkninja.com,"Needham, MA","1,001 to 5,000 employees",Consumer Goods,2003
615,Alectio Careers,www.alectio.com,"Santa Clara, CA",1 to 50 employees,Computer Software,2019
616,Whip Media Group Careers,www.whipmedia.com,"Santa Monica, CA",51 to 200 employees,Entertainment,2014
617,substack Careers,substack.com,"San Francisco, CA",1 to 50 employees,Broadcast & Online Media,2017
618,Split Careers,www.split.io,"Redwood City, CA",51 to 200 employees,Computer Software,2015
619,Dartmouth college Careers,dartmouth.edu,"Hanover, NH","5,001 to 10,000 employees",Higher Education,1769
620,Supermetrics Careers,supermetrics.com,"Helsinki, Uusimaa",51 to 200 employees,Computer Software,2013
621,Celerity Careers,www.celerity.com,"McLean, VA",201 to 500 employees,Information Technology & Services,2002
622,Sierra Wireless Careers,www.sierrawireless.com,"Richmond, BC","1,001 to 5,000 employees",Telecommunications,1993
623,CAST Careers,www.castsoftware.com,"New York, NY",201 to 500 employees,Information Technology & Services,1998
624,LinQuest Careers,www.linquest.com,"Los Angeles, CA","1,001 to 5,000 employees",Defense & Space,2004
625,Wargaming Careers,www.wargaming.com,"Nicosia, Cyprus","5,001 to 10,000 employees",Computer Games,1998
626,OutSystems Careers,www.outsystems.com,"Boston, MA","1,001 to 5,000 employees",Computer Software,2001
627,Miles Education Careers,www.mileseducation.com,"Hyderabad, India",51 to 200 employees,Education Management,2011
628,Man Group Careers,www.man.com,"London, United Kingdom","1,001 to 5,000 employees",Investment Management,1783
629,Municipal Credit Union Careers,www.nymcu.org,"New York, NY",201 to 500 employees,Financial Services,1916
630,Life360 Careers,www.life360.com,"San Francisco, CA",51 to 200 employees,Internet,2008
631,New York State Office of Information Technology Services Careers,its.ny.gov,"Albany, NY","1,001 to 5,000 employees",Information Technology & Services,2012
632,DealerOn Careers,www.dealeron.com,"Rockville, MD",201 to 500 employees,Marketing & Advertising,2004
633,trucker Careers,www.trucker.group,"Moscow, Russia",1 to 50 employees,"Transportation, Trucking & Rail",2017
634,BuildingConnected Careers,buildingconnected.com,"San Francisco, CA",201 to 500 employees,Construction,2012
635,"King County, WA Careers",www.kingcounty.gov,"Seattle, WA","10,000+ employees",Government Administration,1852
636,Nomura Careers,www.nomura.com,"Tokyo, Japan","10,000+ employees",Financial Services,1925
637,Staples Careers,www.staples.com,"Framingham, MA","10,000+ employees",Retail,1986
638,Xgility Careers,www.xgility.com,"Ashburn, VA",1 to 50 employees,Information Technology & Services,2011
639,Hatch Ltd Careers,www.hatch.com,"Mississauga, Ontario","5,001 to 10,000 employees",Materials & Manufacturing,1955
640,CrunchTime! Careers,crunchtime.com,"Boston, MA",51 to 200 employees,Computer Software,1995
641,CTC Careers,www.ctc.com,"Johnstown, PA","501 to 1,000 employees",Defense & Space,1987
642,KYOCERA Document Solutions Development Careers,www.dda.kyocera.com,"Concord, CA",51 to 200 employees,Business Supplies & Equipment,2000
643,ELEKS Careers,eleks.com,"Lviv, Ukraine","1,001 to 5,000 employees",Information Technology & Services,1991
644,nuTonomy Careers,www.aptiv.com,"Cambridge, MA",1 to 50 employees,Automotive,2013
645,Cypress Semiconductor Careers,www.cypress.com,"San Jose, CA","5,001 to 10,000 employees",Semiconductors,1982
646,Cigniti Careers,www.cigniti.com,"Irving, TX","1,001 to 5,000 employees",Information Technology & Services,1998
647,Stolt-Nielsen Limited Careers,www.stolt-nielsen.com,"London, United Kingdom","5,001 to 10,000 employees",Logistics & Supply Chain,1959
648,Payoneer Careers,www.payoneer.com,"New York, NY","1,001 to 5,000 employees",Financial Services,2005
649,Saab Defense and Security USA Careers,www.saabusa.com,"Ashburn, VA","501 to 1,000 employees",Defense & Space,1937
650,The Dobrusin Law Firm Careers,www.patentco.com,"Pontiac, MI",1 to 50 employees,Legal Services,1999
651,Critical Mass Careers,www.criticalmass.com,"Calgary, AB","501 to 1,000 employees",Marketing & Advertising,1996
652,Sequoia Capital Careers,www.sequoiacap.com,"Menlo Park, CA",51 to 200 employees,Venture Capital & Private Equity,1972
653,Infocon Careers,www.infoconn.com,"Louisville, Kentucky",51 to 200 employees,Computer Software,1988
654,Utah State Legislature Careers,www.le.utah.gov,"Salt Lake City, UT",51 to 200 employees,Government Administration,1896
655,The AI Foundation Careers,www.aifoundation.com,"San Francisco, CA",1 to 50 employees,Computer Software,2017
656,WidePoint Careers,www.widepoint.com,"Fairfax, VA",51 to 200 employees,Information Technology & Services,2004
657,XANT Careers,www.xant.ai,"Provo, UT",201 to 500 employees,Computer Software,2004
658,MRM Careers,www.mrm.com,"New York, NY","1,001 to 5,000 employees",Marketing & Advertising,1982
659,Magic Leap Careers,www.magicleap.com,"Plantation, FL","1,001 to 5,000 employees",Telecommunications,2011
660,Matson Careers,www.matson.com,"Honolulu, HI","1,001 to 5,000 employees","Transportation, Trucking & Rail",1882
661,Axilis Careers,www.axilis.com,"Zagreb, Croatia",51 to 200 employees,Computer Software,2011
662,ServiceChannel Careers,www.servicechannel.com,"Pleasanton, CA",201 to 500 employees,Computer Software,1999
663,Urban Science Careers,www.urbanscience.com,"Detroit, MI","501 to 1,000 employees",Automotive,1977
664,CITCO USA Careers,www.citco.com,"Miami, FL","5,001 to 10,000 employees",Retail,1998
665,Chenbro Careers,www.chenbro.com,"New Taipei City, Taiwan","1,001 to 5,000 employees",Computer Hardware,1983
666,Hagadone Media Careers,www.hagadonemediagroup.com,"Coeur d'Alene, Idaho",51 to 200 employees,Marketing & Advertising,2019
667,Arlo Careers,www.arlo.com,"Carlsbad, CA",201 to 500 employees,Consumer Electronics,2018
668,Fishtown Analytics Careers,fishtownanalytics.com,"Philadelphia, PA",1 to 50 employees,Computer Software,2016
669,ONE Gas Careers,www.onegas.jobs,"Tulsa, OK","1,001 to 5,000 employees",Utilities,2014
670,Salsify Careers,www.salsify.com,"Boston, MA",201 to 500 employees,Computer Software,2012
671,Pacific Northwest National Lab Careers,www.pnnl.gov,"Richland, WA","1,001 to 5,000 employees",Research,1965
672,Pride Tours NYC Careers,www.pridetoursnyc.com,"New York, NY",1 to 50 employees,"Leisure, Travel & Tourism",2019
673,mediaservice Careers,mediaservice.net,"Turin, Italy",1 to 50 employees,Information Services,2000
674,OhioHealth Careers,www.ohiohealth.com,"Columbus, OH","10,000+ employees",Hospital & Health Care,1891
675,Lineate Careers,www.lineate.com,"New York, NY",51 to 200 employees,Computer Software,2005
676,Ambyint Careers,ambyint.com,"Houston, TX",51 to 200 employees,Oil & Energy,2004
677,Vexata Careers,www.vexata.com,"San Jose, CA",51 to 200 employees,Information Technology & Services,2013
678,qntfy Careers,www.qntfy.com,"Arlington, VA",1 to 50 employees,Research,2015
679,Adesto Technologies Careers,adestotech.com,"Santa Clara, CA",201 to 500 employees,Semiconductors,2007
680,Zilliant Careers,resources.zilliant.com,"Austin, TX",201 to 500 employees,Computer Software,1999
681,ValueMomentum Careers,www.valuemomentum.com,"Piscataway, NJ","1,001 to 5,000 employees",Information Technology & Services,2000
682,7Park Data Careers,www.7parkdata.com,"New York, NY",51 to 200 employees,Information Services,2012
683,FlightSafety International Careers,www.flightsafety.com,"Melville, NY","1,001 to 5,000 employees",Aviation & Aerospace,1951
684,Vungle Careers,www.vungle.com,"San Francisco, CA",201 to 500 employees,Marketing & Advertising,2011
685,Jade Global Careers,www.jadeglobal.com,"San Jose, CA","1,001 to 5,000 employees",Information Technology & Services,2003
686,US Foods Careers,www.usfoods.com,"Rosemont, IL","10,000+ employees",Food & Beverages,1989
687,KAS Engineering Careers,www.kasengineering.com,"Santa Monica, CA",1 to 50 employees,Information Technology & Services,1968
688,KaulZ Consulting Careers,www.kaulzconsulting.com,"Houston, TX",1 to 50 employees,Management Consulting,2019
689,Newfront Careers,www.newfront.com,"San Francisco, CA",201 to 500 employees,Insurance,2017
690,StreamLinx Careers,www.streamlinx.com,"Naperville, IL",1 to 50 employees,Information Technology & Services,2010
691,Brooks Running Careers,www.brooksrunning.com,"Seattle, WA","501 to 1,000 employees",Retail,1914
692,Sixt Careers,www.sixt.com,"Pullach, Germany","5,001 to 10,000 employees","Leisure, Travel & Tourism",1912
693,Milwaukee Tool Careers,www.milwaukeetool.com,"Brookfield, WI","5,001 to 10,000 employees",Consumer Goods,1924
694,MOAC Careers,www.moac.io,"Menlo Park, CA",1 to 50 employees,Computer & Network Security,2017
695,Naspers Careers,www.naspers.com,"Cape Town, Africa","10,000+ employees",Internet,1915
696,PeriShip Careers,www.periship.com,"Branford, CT",1 to 50 employees,Logistics & Supply Chain,2001
697,Everfi Careers,www.everfi.com,"Washington, DC","501 to 1,000 employees",E-learning,2008
698,iHerb Careers,www.iherb.com,"Los Angeles, CA","501 to 1,000 employees",Retail,1996
699,optokey Careers,optokey.com,"San Francisco, CA",1 to 50 employees,Medical Device,2009
700,Vanguard Charitable Careers,www.vanguardcharitable.org,"Southeastern, PA",51 to 200 employees,Philanthropy,1997
701,Level Ex Careers,www.levelex.com,"Chicago, IL",51 to 200 employees,Computer Games,2015
702,Zemax Careers,www.zemax.com,"Kirkland, WA",51 to 200 employees,Computer Software,1991
703,"6 River Systems, Inc. Careers",6river.com,"Waltham, MA",201 to 500 employees,Logistics & Supply Chain,2015
704,Blue Sky Projects Careers,www.blueskyprojects.com,"Seattle, WA",1 to 50 employees,Information Technology & Services,2000
705,NetSPI Careers,www.netspi.com,"Minneapolis, MN",51 to 200 employees,Computer Networking,2001
706,Pulse Secure Careers,pulsesecure.net,"San Jose, CA","501 to 1,000 employees",Computer Networking,2014
707,Navico Careers,navico.com,"Rogaland, Norway","5,001 to 10,000 employees",Consumer Electronics,2003
708,Kern Family Health Care Careers,www.kernhealthsystems.com,"Bakersfield, CA",201 to 500 employees,Hospital & Health Care,1993
709,Infragistics Careers,www.infragistics.com,"Cranbury, NJ",51 to 200 employees,Computer Software,1989
710,DoiT International Careers,www.doit-intl.com,"Santa Clara, CA",201 to 500 employees,Computer Software,2011
711,Periscope Data Careers,periscopedata.com,"San Francisco, CA",51 to 200 employees,Computer Software,2012
712,Arrowstreet Capital Careers,www.arrowstreetcapital.com,"Boston, MA",201 to 500 employees,Investment Management,1999
713,Ameren Careers,www.ameren.com,"St. Louis, MO","5,001 to 10,000 employees",Utilities,1902
714,Starboard Cruise Services Careers,www.starboardcruise.com,"Miami, FL","1,001 to 5,000 employees",Retail,1958
715,Arkansas Department of Education Careers,www.arkansased.gov,"Little Rock, AR",201 to 500 employees,Government Administration,1931
716,Overstock Careers,www.overstock.com,"Midvale, UT","1,001 to 5,000 employees",Internet,1999
717,DNC Careers,www.democrats.org,"Washington, DC",201 to 500 employees,Civic & Social Organization,1848
718,Qualitest Careers,www.qualitestgroup.com,"London, United Kingdom","1,001 to 5,000 employees",Information Technology & Services,1997
719,Simplify Healthcare Careers,www.simplifyhealthcare.com,"Aurora, IL",201 to 500 employees,Information Technology & Services,2008
720,Takko Careers,takkoapp.com,"Los Angeles, CA",1 to 50 employees,Entertainment,2017
721,Avistar Careers,avistar.com,"San Mateo, CA",51 to 200 employees,Computer Software,1994
722,Apache Software Foundation Careers,www.apache.org,"Wakefield, MA","5,001 to 10,000 employees",Computer Software,1999
723,Voya Financial Careers,www.voya.com,"New York, NY","5,001 to 10,000 employees",Financial Services,2014
724,The Libman Company Careers,libman.com,"Arcola, IL","501 to 1,000 employees",Consumer Goods,1896
725,Checkr Careers,www.checkr.com,"San Francisco, CA",201 to 500 employees,Internet,2014
726,Nauto Careers,www.nauto.com,"Palo Alto, CA",51 to 200 employees,Automotive,2015
727,RPA Careers,www.rpa.com,"Santa Monica, CA","501 to 1,000 employees",Marketing & Advertising,1986
728,Kraferd Careers,www.kraferd.com,"Fullerton, CA",1 to 50 employees,Computer Software,2015
729,H Mart Careers,www.hmart.com,"Lyndhurst, NJ","5,001 to 10,000 employees",Retail,1982
730,Itiviti Careers,www.itiviti.com,"Stockholm, Sweden","1,001 to 5,000 employees",Computer Software,2001
731,Theory Careers,www.theory.com,"New York, NY","501 to 1,000 employees","Apparel, Fashion & Luxury",1997
732,Willing Careers,www.willing.com,"Miami, FL",1 to 50 employees,Internet,2015
733,Aristotle Careers,www.aristotle.com,"Washington, DC",51 to 200 employees,Investment Management,1983
734,Diebold Nixdorf Careers,dieboldnixdorf.com,"North Canton, OH","10,000+ employees",Information Technology & Services,1859
735,Micron Careers,www.micron.net,"Boise, ID","10,000+ employees",Semiconductors,1978
736,Publicis Sapient Careers,www.publicissapient.com,"Boston, MA","10,000+ employees",Information Technology & Services,1990
737,wardbrew Careers,www.wardbrew.com,"San Diego, CA",1 to 50 employees,Information Technology & Services,2012
738,eversai Careers,www.eversai.com,"Hyderabad, India",1 to 50 employees,Business Supplies & Equipment,2019
739,HeartFlow Careers,www.heartflow.com,"Redwood City, CA",201 to 500 employees,Medical Device,2007
740,Galderma Careers,www.galderma.com,"Lausanne, Switzerland","5,001 to 10,000 employees",Pharmaceuticals,1981
741,Numerati Careers,numeratipartnersllc.com,"New York, NY",1 to 50 employees,Research,2012
742,LeapYear Careers,leapyear.io,"San Francisco, CA",51 to 200 employees,Computer Software,2015
743,Big Idea Group Careers,www.abigideagroup.com,"Matthews, NC",1 to 50 employees,Marketing & Advertising,2016
744,MUFG Careers,www.mufg.jp,"Tokyo, Japan","10,000+ employees",Financial Services,1864
745,Georgia-Pacific Careers,www.gp.com,"Atlanta, GA","10,000+ employees",Materials & Manufacturing,1927
746,Hyundai Motor Careers,worldwide.hyundai.com,"Seoul, South Korea","10,000+ employees",Automotive,1967
747,Fullscreen Careers,www.fullscreen.com,"Playa Vista, CA","501 to 1,000 employees",Broadcast & Online Media,2011
748,rideOS Careers,www.rideos.ai,"San Francisco, CA",1 to 50 employees,Computer Software,2017
749,HSBC Careers,www.hsbc.com,"London, United Kingdom","10,000+ employees",Financial Services,1865
750,Digital Realty Careers,www.digitalrealty.com,"San Francisco, CA","501 to 1,000 employees",Information Technology & Services,2004
751,Petco Careers,www.petco.com,"San Diego, CA","10,000+ employees",Retail,1965
752,Crate & Barrel Careers,www.crateandbarrel.com,"Northbrook, IL","5,001 to 10,000 employees",Retail,1962
753,Private Health Management Careers,www.privatehealth.com,"Los Angeles, CA",51 to 200 employees,Hospital & Health Care,2007
754,Patra Corporation Careers,www.patracorp.com,"El Dorado Hills, CA",201 to 500 employees,Insurance,2005
755,Smith & Nephew Careers,www.smith-nephew.com,"Watford, England","10,000+ employees",Medical Device,1856
756,nyana Careers,nyana.io,"San Francisco, CA",1 to 50 employees,Computer Software,2020
757,Alterra Mountain Company Careers,www.alterramtnco.com,"Denver, CO","10,000+ employees","Leisure, Travel & Tourism",2018
758,Soci√©t√© G√©n√©rale Careers,www.societegenerale.com,"Paris, France","10,000+ employees",Financial Services,1864
759,Sema4 Careers,www.sema4.com,"Stamford, CT","501 to 1,000 employees",Biotechnology,2017
760,Avlino Careers,www.avlino.com,"Holmdel, NJ",1 to 50 employees,Computer Software,2013
761,Dunkin Donuts Careers,www.dunkindonuts.com,"Canton, MA",51 to 200 employees,Restaurants,1950
762,Prisma Health Careers,careers.prismahealth.org,"Greenville, SC","10,000+ employees",Hospital & Health Care,2017
763,Experis Careers,www.experis.us,"Milwaukee, WI","10,000+ employees",Staffing & Recruiting,2011
764,Conagra Brands Careers,www.conagrabrands.com,"Chicago, IL","10,000+ employees",Food & Beverages,1919
765,healthmine Careers,www.healthmine.com,"Dallas, TX",51 to 200 employees,"Health, Wellness & Fitness",2008
766,Thomson Reuters Careers,www.thomsonreuters.com,"Toronto, ON","10,000+ employees",Financial Services,2008
767,Syntel Careers,www.atos-syntel.net,"Troy, MI","10,000+ employees",Information Technology & Services,1980
768,Compuware Careers,www.compuware.com,"Detroit, MI","501 to 1,000 employees",Computer Software,1973
769,Ohio Computer Medix Careers,www.ohiocomputermedix.com,"Powell, OH",1 to 50 employees,Information Technology & Services,1992
770,British American Tobacco Careers,www.bat.com,"London, United Kingdom","10,000+ employees",Consumer Goods,1902
771,Zoom Careers,www.zoom.com,"San Jose, CA","1,001 to 5,000 employees",Information Technology & Services,2011
772,Strike Careers,www.strikeusa.com,"The Woodlands, TX","5,001 to 10,000 employees",Oil & Energy,2003
773,Proxima Careers,www.proximagroup.com,"London, United Kingdom",201 to 500 employees,Management Consulting,1994
774,Canoo Careers,www.canoo.com,"Torrance, CA",201 to 500 employees,Automotive,2017
775,datasonar Careers,www.datasonar.eu,"Evora, Portugal",1 to 50 employees,Computer Software,2015
776,Worklete Careers,www.worklete.com,"Oakland, CA",1 to 50 employees,Computer Software,2015
777,Netherlands Foreign Investment Agency Careers,investinholland.com,"The Hague, Netherlands",51 to 200 employees,Trade & Development,1978
778,Radiance Technologies Careers,www.radiancetech.com,"Huntsville, AL","501 to 1,000 employees",Defense & Space,1999
779,Veo Careers,www.veoride.com,"Chicago, IL",51 to 200 employees,Internet,2017
780,adMarketplace Careers,www.admarketplace.com,"New York, NY",51 to 200 employees,Internet,2000
781,Heflin Search Partners Careers,www.heflinsearch.com,"San Francisco, CA",1 to 50 employees,Information Technology & Services,1997
782,Tangerine Global Careers,tangerineglobal.com,"Simi Valley, CA",1 to 50 employees,Entertainment,2005
783,Speedway Careers,speedway.com,"Enon, OH","10,000+ employees",Retail,1959
784,Zycus Careers,www.zycus.com,"Princeto, NJ","1,001 to 5,000 employees",Computer Software,1998
785,reNature Careers,www.renatureinc.com,"Tempe, AZ",51 to 200 employees,Materials & Manufacturing,2018
786,Wiley Careers,www.wiley.com,"Hoboken, NJ","1,001 to 5,000 employees",Newspapers & Publishing,1807
787,Thales Careers,www.thalesgroup.com,"Nanterre, France","10,000+ employees",Information Technology & Services,2000
788,Outdoorsy Careers,www.outdoorsy.com,"Austin, TX",51 to 200 employees,Internet,2015
789,Arc.dev Careers,www.arc.dev,"Palo Alto, CA",1 to 50 employees,Internet,2014
790,Voxy Careers,voxy.com,"New York, NY",51 to 200 employees,E-learning,2010
791,North American Lighting Careers,www.nal.com,"Paris, IL","1,001 to 5,000 employees",Automotive,1983
792,Ontario Teachers'‚Äã Pension Plan Careers,www.otpp.com,"Toronto, Ontario","1,001 to 5,000 employees",Investment Management,1989
793,LeadGenius Careers,leadgenius.com,"Berkeley, CA",1 to 50 employees,Computer Software,2011
794,sartura Careers,www.sartura.hr,"Zagreb, Croatia",1 to 50 employees,Computer Software,2013
795,RevMed Group Careers,www.revmed.com,"Jacksonville, FL",1 to 50 employees,Hospital & Health Care,2016
796,Mallinckrodt Pharmaceuticals Careers,www.mallinckrodt.com,"Dublin, Ireland","1,001 to 5,000 employees",Pharmaceuticals,1867
797,Cisco Careers,www.cisco.com,"San Jose, CA","10,000+ employees",Computer Networking,1984
798,Energy Solutions Careers,www.energy-solution.com,"Oakland, CA",51 to 200 employees,Environmental Services,1995
799,H&M Careers,www.hm.com,"Stockholm, Sweden","10,000+ employees",Retail,1947
800,Heslil Careers,www.heslil.com,"Los Angeles, CA",1 to 50 employees,Computer Software,2015
801,Citadel Careers,www.citadelgroup.com,"Canberra, ACT",201 to 500 employees,Information Technology & Services,2007
802,Paytm Money Careers,paytmmoney.com,"Bangalore, Karnataka",201 to 500 employees,Investment Management,2017
803,Savvy Careers,www.savvyscreen.com,"Brooklyn, NY",1 to 50 employees,Real Estate,2019
804,TripAdvisor Careers,www.tripadvisor.com,"Needham, MA","1,001 to 5,000 employees",Internet,2000
805,Aptible Careers,www.aptible.com,"San Francisco, CA",51 to 200 employees,Computer Software,2014
806,PARC Careers,parc.com,"Palo Alto, CA",201 to 500 employees,Research,1970
807,"Abaco Systems, Inc. Careers",www.abaco.com,"Huntsville, AL",51 to 200 employees,Computer Hardware,2015
808,HelpSystems Careers,www.helpsystems.com,"Eden Prairie, MN","1,001 to 5,000 employees",Computer Software,1982
809,Victory Tailgate Careers,victorytailgate.com,"Orlando, FL",51 to 200 employees,Retail,2008
810,Acumatica Careers,www.acumatica.com,"Bellevue, WA",201 to 500 employees,Computer Software,2007
811,The Bozzuto Group Careers,www.bozzuto.com,"Greenbelt, MD","1,001 to 5,000 employees",Real Estate,1988
812,Inmar Careers,www.inmar.com,"Winston-Salem, NC","1,001 to 5,000 employees",Information Technology & Services,1980
813,Mavenir Careers,mavenir.com,"Richardson, TX","1,001 to 5,000 employees",Telecommunications,2005
814,Snowflake Careers,www.snowflake.com,"San Mateo, CA","501 to 1,000 employees",Computer Software,2012
815,X5 Retail Group Careers,www.x5.ru,"Moscow, Russia","10,000+ employees",Retail,2006
816,Inova Software Careers,www.inova-software.com,"Lyon, France",51 to 200 employees,Computer Software,2010
817,BallotReady Careers,www.ballotready.org,"Chicago, IL",1 to 50 employees,Computer Software,2015
818,Qlik Careers,www.qlik.com,"King of Prussia, PA","1,001 to 5,000 employees",Computer Software,1993
819,Collins Aerospace Careers,www.collinsaerospace.com,"Cedar Rapids, IA","10,000+ employees",Aviation & Aerospace,1933
820,"Knockaway, Inc. Careers",www.knock.com,"New York, NY",1 to 50 employees,Internet,2015
821,Humana Careers,www.humana.com,"Louisville, KY","10,000+ employees","Health, Wellness & Fitness",1961
822,Orchard Therapeutics Careers,www.orchard-tx.com,"London, United Kingdom",201 to 500 employees,Biotechnology,2015
823,Tracer Careers,tracer.tech,"New York, NY",1 to 50 employees,Internet,2018
824,Compass Careers,www.cmpsinc.com,"Herndon, VA",51 to 200 employees,Defense & Space,2003
825,cyclingsportsgroup Careers,www.cyclingsportsgroup.com,"Wilton, CT","501 to 1,000 employees",Retail,1971
826,Lumileds Careers,www.lumileds.com,"Schiphol, Netherlands","5,001 to 10,000 employees",Semiconductors,1999
827,MaxLinear Careers,www.maxlinear.com,"Carlsbad, CA",201 to 500 employees,Computer Hardware,2003
828,First Help Financial Careers,www.firsthelpfinancial.com,"Newton, MA",51 to 200 employees,Financial Services,2006
829,Luxottica Careers,www.luxottica.com,"Milan, Italy","10,000+ employees","Apparel, Fashion & Luxury",1961
830,ModelOp Careers,www.modelop.com,"Chicago, IL",1 to 50 employees,Information Technology & Services,2012
831,INVISTA Careers,www.invista.com,"Wichita, KS","5,001 to 10,000 employees",Chemicals,2003
832,Carrier Careers,www.carrier.com,"Palm Beach Gardens, FL","10,000+ employees",Mechanical & Industrial Engineering,1902
833,Yorke Engineering Careers,www.yorkeengr.com,"San Juan Capistrano, CA",51 to 200 employees,Environmental Services,1996
834,Kenna Security Careers,www.kennasecurity.com,"San Francisco, CA",51 to 200 employees,Computer & Network Security,2010
835,BuildOps Careers,buildops.com,"Santa Monica, CA",1 to 50 employees,Computer Software,2018
836,TruU Careers,www.truu.a,"Palo Alto, CA",1 to 50 employees,Computer & Network Security,2017
837,Headway Technologies Careers,www.headway.com,"Milpitas, CA","501 to 1,000 employees",Computer Hardware,1994
838,ASUS Careers,www.asus.com,"Taipei, Taiwan","10,000+ employees",Computer Hardware,1989
839,Clubspeed Careers,clubspeed.com,"Irvine, CA",51 to 200 employees,Computer Software,2005
840,City of Long Beach Careers,www.longbeach.gov,"Long Beach, CA","5,001 to 10,000 employees",Government Administration,1882
841,American Electric Power Careers,www.aep.com,"Columbus, OH","10,000+ employees",Oil & Energy,1906
842,Enigma Careers,enigma.com,"New York, NY",51 to 200 employees,Computer Software,2011
843,Zenlist Careers,zenlist.com,"San Francisco, CA",1 to 50 employees,Real Estate,2017
844,Justworks Careers,www.justworks.com,"New York, NY",201 to 500 employees,Human Resources,2012
845,Solid Cage Careers,www.solidcage.com,"Macomb, MI",1 to 50 employees,Information Technology & Services,2009
846,Colony Display Careers,www.colonydisplay.com,"Elgin, IL",201 to 500 employees,Retail,1983
847,Verys Careers,verys.com,"Santa Ana, CA",201 to 500 employees,Information Technology & Services,2012
848,DECATHLON FRANCE Careers,www.decathlon.com,"Hauts-de-France, France","10,000+ employees",Retail,1976
849,onsemi Careers,www.onsemi.com,"Phoenix, AZ","10,000+ employees",Semiconductors,1999
850,The Orchard Careers,www.theorchard.com,"New York, NY",201 to 500 employees,Entertainment,1997
851,Eurofins Careers,www.eurofins.com,"Luxembourg, Luxembourg","10,000+ employees",Biotechnology,1987
852,RentPath Careers,www.rentpath.com,"Atlanta, GA","501 to 1,000 employees",Internet,1989
853,Riiid Labs Careers,www.riiidlabs.ai,"San Ramon, CA",51 to 200 employees,Information Technology & Services,2020
854,H&R Block Careers,www.hrblock.com,"Kansas City, MO","10,000+ employees",Retail,1955
855,Miro Careers,miro.com,"San Francisco, CA","501 to 1,000 employees",Computer Software,2012
856,STX Entertainment Careers,stxentertainment.com,"Burbank, CA",51 to 200 employees,Entertainment,2014
857,Mastek Careers,www.mastek.com,"Reading, United Kingdom","1,001 to 5,000 employees",Information Technology & Services,1982
858,Hyundai Capital America Careers,www.hyundaicapitalamerica.com,"Irvine, CA","1,001 to 5,000 employees",Financial Services,1989
859,eClerx Careers,www.eclerx.com,"Mumbai, India","10,000+ employees",Information Technology & Services,2000
860,Federal Reserve Bank of Boston Careers,www.bostonfed.org,"Boston, MA","1,001 to 5,000 employees",Financial Services,1914
861,ComCard Careers,comcard.us,"Los Angeles, CA",1 to 50 employees,Banking,2019
862,Yoodle Careers,www.yoodle.com,"Kansas City, MO",1 to 50 employees,Marketing & Advertising,2007
863,McKinsey & Company Careers,www.mckinsey.com,"New York, NY","10,000+ employees",Financial Services,1926
864,cognigy Careers,www.cognigy.com,"D√ºsseldorf, Germany",1 to 50 employees,Information Technology & Services,2016
865,Backbase Careers,www.backbase.com,"Amsterdam, Netherlands","501 to 1,000 employees",Internet,2003
866,American Water Careers,www.amwater.com,"Camden, NJ","5,001 to 10,000 employees",Utilities,1886
867,New Flyer Careers,www.newflyer.com,"Winnipeg, Canada","5,001 to 10,000 employees","Transportation, Trucking & Rail",1930
868,Avanade Careers,www.avanade.com,"Seattle, WA","10,000+ employees",Information Technology & Services,2000
869,Enel Careers,www.enel.com,"Rome, Italy","10,000+ employees",Utilities,1962
870,The Art of Living Careers,www.artofliving.org,"Bengaluru, Karnataka","10,000+ employees",Non-Profit Organization,1981
871,Ringcentral Careers,www.ringcentral.com,"Belmont, CA","1,001 to 5,000 employees",Telecommunications,2003
872,Cummins Careers,www.cummins.com,"Columbus, IN","10,000+ employees",Automotive,1919
873,Liferay Careers,www.liferay.com,"Diamond Bar, CA","501 to 1,000 employees",Computer Software,2004
874,American Century Investments Careers,ipro.americancentury.com,"Kansas City, MO","1,001 to 5,000 employees",Investment Management,1958
875,Regeneron Careers,www.regeneron.com,"Tarrytown, NY","5,001 to 10,000 employees",Biotechnology,1988
876,Emergere Careers,www.emergertech.com,"Dallas, TX",51 to 200 employees,Information Technology & Services,2019
877,ProQuest Careers,www.proquest.com,"Ann Arbor, MI","1,001 to 5,000 employees","Libraries, Museums & Institutions",1938
878,ADTRAN Careers,www.adtran.com,"Huntsville, AL","1,001 to 5,000 employees",Computer Networking,1985
879,ICF Careers,www.icf.com,"Fairfax, VA","5,001 to 10,000 employees",Management Consulting,1969
880,minsait Careers,www.minsait.com,"Madrid, Spain","1,001 to 5,000 employees",Information Technology & Services,2016
881,Calm Careers,www.calm.com,"San Francisco, CA",51 to 200 employees,"Health, Wellness & Fitness",2012
882,LifeOmic Careers,www.lifeomic.com,"Indianapolis, IN",51 to 200 employees,Computer Software,2016
883,Under Armour Careers,www.underarmour.com,"Baltimore, MD","10,000+ employees",Retail,1996
884,Ultra Mobile Careers,www.ultramobile.com,"Costa Mesa, CA",51 to 200 employees,Telecommunications,2011
885,cellulant Careers,www.cellulant.com,"Nairobi, Kenya",201 to 500 employees,Financial Services,2014
886,PRO Unlimited Careers,www.prounlimited.com,"San Francisco, CA","1,001 to 5,000 employees",Information Technology & Services,1991
887,GateKeeper Careers,www.gatekeeperhq.com,"London, United Kingdom",51 to 200 employees,Computer & Network Security,2010
888,Mircom Group of Companies Careers,www.mircom.com,"Vaughan, Canada","501 to 1,000 employees",Electrical & Electronic Manufacturing,1991
889,Second Measure Careers,secondmeasure.com,"San Mateo, CA",51 to 200 employees,Information Technology & Services,2015
890,vbs Careers,www.vbslimited.com.ng,"Lagos, Nigeria",201 to 500 employees,Human Resources,2016
891,Kenshoo Careers,www.kenshoo.com,"Tel Aviv, Israel","501 to 1,000 employees",Internet,2006
892,GridX Careers,www.gridx.com,"Milpitas, CA",51 to 200 employees,Computer Software,2010
893,MITRE Careers,www.mitre.org,"McLean, VA","5,001 to 10,000 employees",Information Technology & Services,1958
894,MediaPlatform Careers,www.mediaplatform.com,"North Hollywood, CA",1 to 50 employees,Computer Software,2005
895,Lonza Careers,www.lonza.com,"Basel, Switzerland","10,000+ employees",Biotechnology,1897
896,Accellion Careers,www.accellion.com,"Palo Alto, CA",51 to 200 employees,Computer Software,1999
897,GIC Careers,gic.com.sg,"Singapore, Singapore","1,001 to 5,000 employees",Investment Management,1981
898,Gem Careers,gem.co,"Venice, CA",1 to 50 employees,Computer Software,2013
899,Activision Blizzard Careers,www.activisionblizzard.com,"Santa Monica, CA","5,001 to 10,000 employees",Computer Games,1990
900,SmileDirectClub Careers,www.smiledirectclub.com,"Nashville, TN","1,001 to 5,000 employees",Cosmetics,2014
901,Clever Careers,clever.com,"San Francisco, CA",51 to 200 employees,Internet,2012
902,Vim Careers,www.getvim.com,"San Francisco, CA",51 to 200 employees,Computer Software,2015
903,Aveshka Careers,www.aveshka.com,"Vienna, VA",201 to 500 employees,Information Technology & Services,2010
904,LINE Corp. Careers,linefriends.com,"New York, NY",1 to 50 employees,Retail,2017
905,Analog Devices Careers,www.analog.com,"Norwood, MA","10,000+ employees",Semiconductors,1965
906,Verily Careers,www.verily.com,"San Francisco, CA",201 to 500 employees,Medical Device,2015
907,K2 Careers,www.k2.com,"Bellevue, WA","501 to 1,000 employees",Computer Software,2000
908,Sysco Careers,www.sysco.com,"Houston, TX","10,000+ employees",Food & Beverages,1970
909,BankFolio Careers,bankfolio.app,"Tempe, AZ",1 to 50 employees,Financial Services,2020
910,LiveStories Careers,www.livestories.com,"Seattle, WA",1 to 50 employees,Information Services,2013
911,R.R. Donnelley Careers,www.rrdonnelley.com,"Chicago, IL","10,000+ employees",Marketing & Advertising,1864
912,Innovative Systems Careers,www.innovativesys.com,"Glen Ellyn, IL",201 to 500 employees,Information Technology & Services,1991
913,Lifespan Careers,www.lifespan.org,"Providence, RI","10,000+ employees",Hospital & Health Care,1994
914,Fractal Careers,www.fractal.ai,"New York, NY","1,001 to 5,000 employees",Management Consulting,2000
915,SVXR Careers,www.svxr.com,"San Jose, CA",1 to 50 employees,Semiconductors,2012
916,MedeAnalytics Careers,medeanalytics.com,"Richardson, TX",201 to 500 employees,Computer Software,1994
917,Progressive Leasing Careers,www.progleasing.com,"Draper, UT","1,001 to 5,000 employees",Financial Services,1999
918,Clear C2 Careers,www.clearc2.com,"Coppell, TX",51 to 200 employees,Computer Software,1993
919,MGM Careers,www.mgm.com,"Beverly Hills, CA",201 to 500 employees,Entertainment,1924
920,Charlotte Tilbury Beauty Careers,www.charlottetilbury.com,"London, Strand","501 to 1,000 employees",Cosmetics,2013
921,INDUSTRY Careers,www.industrypdx.com,"Portland, OR",1 to 50 employees,Design,2011
922,Circle Careers,www.circle.com,"Boston, MA",51 to 200 employees,Financial Services,2013
923,Duolingo Careers,www.duolingo.com,"Pittsburgh, PA",201 to 500 employees,Internet,2011
924,Vinovest Careers,www.vinovest.co,"Los Angeles, CA",1 to 50 employees,Internet,2019
925,PATH Careers,www.path.org,"Seattle, WA","1,001 to 5,000 employees",Medical Device,1977
926,Microdesk Careers,www.microdesk.com,"Nashua, NH",201 to 500 employees,Computer Software,1994
927,Veritis Careers,www.veritis.com,"Irving, TX",51 to 200 employees,Information Technology & Services,2004
928,Global Equipment Services Careers,www.geservs.com,"San Jose, CA",51 to 200 employees,Semiconductors,2006
929,Ripple Careers,www.ripple.com,"San Francisco, CA",201 to 500 employees,Financial Services,2012
930,TDI Careers,www.tditek.com,"King Of Prussia, PA",51 to 200 employees,Defense & Space,1988
931,Checkbook Careers,www.checkbook.io,"San Mateo, CA",1 to 50 employees,Financial Services,2015
932,Continental Electrical Construction Careers,www.cecco.com,"Oak Brook, IL","501 to 1,000 employees",Electrical & Electronic Manufacturing,1912
933,Center for Creative Leadership Careers,www.ccl.org,"Greensboro, NC","501 to 1,000 employees",Human Resources,1970
934,Mercado Libre Careers,www.mercadolibre.com.mx,"Buenos Aires, Argentina","10,000+ employees",Internet,1999
935,Stellium Careers,www.stellium.com,"Houston, TX",51 to 200 employees,Management Consulting,2012
936,Auris Health Careers,www.aurishealth.com,"Redwood City, CA","501 to 1,000 employees",Medical Device,2007
937,JDA Software Careers,www.blueyonder.com,"Scottsdale, AZ","5,001 to 10,000 employees",Computer Software,1985
938,Health First Careers,www.hf.org,"Rockledge, FL","5,001 to 10,000 employees",Hospital & Health Care,1995
939,AlphaSights Careers,www.alphasights.com,"London, United Kingdom","1,001 to 5,000 employees",Information Services,2008
940,Warner Bros. Entertainment Careers,www.warnerbros.com,"Burbank, CA","10,000+ employees",Broadcast & Online Media,1923
941,Abiomed Careers,www.abiomed.com,"Danvers, MA","1,001 to 5,000 employees",Medical Device,1981
942,System Soft Technologies Careers,sstech.us,"Tampa, FL","501 to 1,000 employees",Information Technology & Services,1999
943,Anthem Careers,www.antheminc.com,"Indianapolis, Indiana","10,000+ employees",Financial Services,2004
944,Ad Hoc LLC Careers,adhoc.team,"Washington, DC",201 to 500 employees,Computer Software,2014
945,BETSOL Careers,www.betsol.com,"Broomfield, CO","501 to 1,000 employees",Information Technology & Services,2002
