ID,name,country,headquarters,address,founded,employees,market_cap,revenue,profit,industry,sector,categories,ceo;
183209,kpmg,,,,1987,,,,,industrials,,,;
38114,kec international,india,,,,,doll_1.53 b,,,,,,;
215,kochartech,,,,1995,,,,,it services & consulting,,,;
241,kotak mahindara life insurance,,,,2001,,,,,insurance,,,;
37506,kpit technologies,india,,,,,,,,,,,;
313,kalyan jewellers,,,,1993,,,,,metals & mining,,,;
139694,kansai nerolac paints,india,,,,,,,,,,,;
23557,kalpataru power transmission,india,,,,,doll_0.97 b,,,,,,;
414,karvy data management services,,,,2008,,,,,analytics & kpo,,,;
466,kotak securities,,,,1994,,,,,financial services,,,;
55938,kone,finland,,,,,,,,,,,;
513,kent ro systems,,,,1999,,,,,consumer electronics & appliances,,,;
531,kfc,,,,1952,,,,,hospitality,,,;
622,karma ayurveda,,,,0,,,,,healthcare,,,;
37216,kyndryl,united states,,,,,doll_2.78 b,,,,,,;
636,kia motors,,,,1944,,,,,automobile,,,;
780,kendriya vidyalaya sangathan,,,,1963,,,,,education & training,,,;
786,kirloskar oil engines,,,,1946,,,,,industrial machinery,,,;
806,karvy computershare,,,,0,,,,,,,,;
811,karvy stock broking,,,,1990,,,,,financial services,,,;
838,kirloskar brothers,,,,1888,,,,,industrial machinery,,,;
885,kei industries,,,,1968,,,,,building material,,,;
979,kims hospital,,,,2012,,,,,healthcare,,,;
181986,knorr-bremse,germany,,,,,,,,,,,;
1038,kurlon,,,,1962,,,,,other,,,;
1089,kohler,,,,1873,,,,,furniture & furnishing,,,;
1097,kutumbh care,,,,2007,,,,,recruitment,,,;
1129,k12 techno services,,,,2010,,,,,edtech,,,;
1155,knight frank,,,,1896,,,,,real estate,,,;
1212,kfintech,,,,2017,,,,,fintech,,,;
1353,k raheja corp,,,,1956,,,,,real estate,,,;
1396,kgisl,,,,1996,,,,,it services & consulting,,,;
1416,kidzee,,,,2003,,,,,edtech,,,;
1431,kantar,,,,2008,,,,,marketing & advertising,,,;
94985,kellogg,united states,,,,,doll_23.53 b,doll_14.18 b,,,,,;
1456,karvy digikonnect,,,,2015,,,,,financial services,,,;
1515,keventer,,,,1986,,,,,fmcg,,,;
1539,khazana jewellery,,,,1989,,,,,jewellery,,,;
1602,keihin fie,,,,1956,,,,,auto components,,,;
1623,kantar imrb,,,,1970,,,,,analytics & kpo,,,;
1646,kunal structure,,,,2006,,,,,real estate,,,;
24640,kajaria ceramics,india,,,,,doll_2.16 b,,,,,,;
1700,kaya skin clinic,,,,2003,,,,,retail,,,;
1731,kirloskar pneumatic,,,,1958,,,,,industrial machinery,,,;
1798,kataria automobiles,,,,1990,,,,,automobile,,,;
1902,khadims,,,,1965,,,,,fashion & textile,,,;
1955,kirloskar toyota textile machinery,,,,1995,,,,,industrial machinery,,,;
1963,kuwait national petroleum company,,,,1960,,,,,oil & gas,,,;
2040,kharafi national,,,,1976,,,,,engineering & construction,,,;
93571,keysight technologies,,,,,,,,,,,,;
2148,kyungshin industrial motherson,,,,1997,,,,,electrical equipment,,,;
2198,kerala state electricity board,,,,1957,,,,,power,,,;
2210,kolte patil developers,,,,1991,,,,,real estate,,,;
53440,kelly services,united states,,,,,doll_0.65 b,,,,,,;
149859,katerra,united states,,,,,doll_0.00319 t,,,,,,;
34690,kühne + nagel,switzerland,,,,,,,,,,,;
2340,kutchina,,,,2003,,,,,consumer electronics & appliances,,,;
2355,kiya.ai,,,,1995,,,,,it services & consulting,,,;
2384,kirby building systems,,,,1998,,,,,engineering & construction,,,;
2402,kirloskar ferrous industries,,,,1991,,,,,iron & steel,,,;
2440,kailash hospital,,,,1984,,,,,healthcare,,,;
2453,kellogg brown and root,,,,1998,,,,,defence & aerospace,,,;
2473,kores,,vienna,,1887,,,,,consumer goods,nondurable household products,,;
58690,konecranes,finland,,,,,,,,,,,;
18819,kennametal,united states,,,,,doll_2.20 b,,,,,,;
48772,kuaishou technology,china,,,,,doll_38.15 b,,,,,,;
2534,kcc buildcon,,,,2009,,,,,engineering & construction,,,;
2537,klay schools,,,,2011,,,,,education & training,,,;
43489,kokuyo camlin,india,,,,,doll_0.10 b,,,,,,;
2617,ksb pumps,,,,1871,,,,,industrial machinery,,,;
2618,kogta financial,,,,1996,,,,,nbfc,,,;
2625,koch business solutions,,,,1940,,,,,oil & gas,,,;
24032,kar auction services,united states,,,,,,,,,,,;
6163,kiit university,,,,1992,,,,,education & training,,,;
2741,kirloskar electric company,,,,1946,,,,,electrical equipment,,,;
2856,kellton tech solutions,,,,1993,,,,,it services & consulting,,,;
34914,kia,s. korea,,,,,doll_20.93 b,,,,,,;
2865,khimji ramdas,,,,1870,,,,,other,,,;
2939,krbl,,,,1889,,,,,fmcg,,,;
3054,koyo bearings india,,,,2007,,,,,auto components,,,;
144352,kepco plant service & engineering,south korea,,,,,,,,,,,;
3104,keihin india manufacturing,,,,1956,,,,,auto components,,,;
3228,karamtara engineering,,,,1996,,,,,engineering & construction,,,;
3358,kalkine,,,,2014,,,,,analytics & kpo,,,;
3436,kosamattam finance,,,,1987,,,,,investment banking / venture capital / private equity,,,;
27232,kimberly-clark,united states,,,,,,,,,,,;
73707,kent plc,united kingdom,,,,,,,,oil & gas,,,;
3559,kjs cement,,,,2012,,,,,building material,,,;
3568,kraft heinz company,,,,1994,,,,,food processing,,,;
3625,kubota agricultural machinery india,,,,2008,,,,,industrial machinery,,,;
3711,krazybee,,,,2016,,,,,internet,,,;
3714,kinetic engineering,,,,1970,,,,,auto components,,,;
3720,kronos solutions,,,,1977,,,,,software product,,,;
3750,kaleesuwari refinery,,,,1993,,,,,fmcg,,,;
3796,karvy fintech,,,,1978,,,,,fintech,,,;
3834,kolkata bazaar,,,,2002,,,,,retail,,,;
3838,kk spun pipes,,,,1977,,,,,industrial machinery,,,;
3946,konica minolta,japan,,,,,,,,,,,;
3978,kaizen solutions,,,,,,,,,it services & consulting,,,;
4134,kd logistics,,,,2005,,,,,logistics,,,;
4210,keller ground engineering,,,,1860,,,,,engineering & construction,,,;
4245,kwality dairy (india),,,,1992,,,,,fmcg,,,;
4251,knack global,,,,2007,,,,,it services & consulting,,,;
4255,kanpur fertilizers and cement,,,,2010,,,,,agro chemicals,,,;
38785,knr constructions,india,,,,,doll_0.90 b,,,,,,;
4329,kapil chit funds,,,,1981,,,,,fintech,,,;
4365,ksk energy ventures,,,,2001,,,,,oil & gas,,,;
4438,kanpur plastipack,,,,1971,,,,,packaging,,,;
4457,kpr mill,,,,1984,,,,,fashion & textile,,,;
4516,kanoria chemicals & industries,,,,1960,,,,,chemicals,,,;
4601,klt automotive & tubular products,,,,1994,,,,,auto components,,,;
4628,knoldus software,,,,2015,,,,,it services & consulting,,,;
4637,kesari tours,,,,1984,,,,,travel & tourism,,,;
4644,khanna paper mills,,,,1985,,,,,pulp & paper,,,;
4667,kalyani maxion wheels,,,,1920,,,,,auto components,,,;
4679,kazo fashion,,,,2007,,,,,fashion & textile,,,;
4697,kisankraft machine tools,,,,2005,,,,,industrial machinery,,,;
4698,kmc constructions,,,,,,,,,,,,;
4850,ketto,,,,2012,,,,,internet,,,;
4874,kinapse,,,,2005,,,,,pharma,,,;
5010,konexions back office services,,,,2007,,,,,bpo,,,;
5061,kanakia spaces,,,,1986,,,,,real estate,,,;
176385,kion group,germany,,,,,,,,,,,;
6840,khivraj motors,,,,1961,,,,,automobile,,,;
5236,kobelco construction equipment india,,,,2007,,,,,industrial machinery,,,;
5285,keppel offshore & marine,,,,2002,,,,,engineering & construction,,,;
5300,kutch chemical industries,,,,2004,,,,,chemicals,,,;
5305,kaefer,,,,1918,,,,,engineering & construction,,,;
5359,kopran,,,,1958,,,,,pharma,,,;
5366,ksb limited - irrigation & process division (ipd),,,,0,,,,,industrial machinery,,,;
5386,kdk software,,,,2003,,,,,software product,,,;
5411,kitex garments,india,,,,,doll_0.15 b,,,,,,;
5463,khy electronic,,,,0,,,,,,,,;
5588,khaitan electricals,,,,1981,,,,,food processing,,,;
5625,kayjay forging,,,,1988,,,,,auto components,,,;
5649,koenig solutions,,,,1993,,,,,education & training,,,;
5677,kartavya healtheon,,,,2008,,,,,internet,,,;
5746,khandelwal laboratories,,,,1945,,,,,pharma,,,;
5766,kumar organic products,,,,1991,,,,,chemicals,,,;
5830,kryfs power components,,,,1992,,,,,industrial machinery,,,;
5865,kpmg assurance and consulting services,,,,0,,,,,it services & consulting,,,;
5895,kaff appliances (india),,,,2007,,,,,consumer electronics & appliances,,,;
5904,kerryindev logistics,,,,1984,,,,,logistics,,,;
5946,kiwitech,,,,2009,,,,,it services & consulting,,,;
5979,karza technologies,,,,2015,,,,,it services & consulting,,,;
6058,kamdhenu,,,,1995,,,,,building material,,,;
6144,kwality pharmaceuticals,,,,1983,,,,,pharma,,,;
6249,krystal integrated services,,,,2000,,,,,facility management services,,,;
6286,kinetic taigene electrical,,,,2001,,,,,industrial machinery,,,;
6359,keolis hyderabad metro,,,,0,,,,,urban transport,,,;
6360,kisan mouldings,,,,1982,,,,,building material,,,;
6399,kh exports,,,,1985,,,,,import & export,,,;
6425,kapitaltech,,,,2014,,,,,financial services,,,;
6428,kidzania,,,,1997,,,,,media & entertainment,,,;
6439,kamlesh kumar singh engineers,,,,1989,,,,,engineering & construction,,,;
6477,kddl,,,,1981,,,,,metals & mining,,,;
6560,krishi rasayan exports,,,,1995,,,,,import & export,,,;
6572,kapston facilities management,,,,2009,,,,,facility management services,,,;
40352,kuantum papers,india,,,,,doll_0.15 b,,,,,,;
6621,kohler power,,,,0,,,,,power,,,;
6704,kingdom of dreams,,,,2010,,,,,media & entertainment,,,;
6723,khansaheb civil engineering llc,,,,1935,,,,,engineering & construction,,,;
42656,kewal kiran clothing,india,,,,,doll_0.37 b,,,,,,;
6809,ksk mahanadi power company,,,,2001,,,,,power,,,;
6824,krishidhan seeds,,,,1996,,,,,biotechnology,,,;
6835,kemwell biopharma,,,,1980,,,,,biotechnology,,,;
6858,kriya it,,,,2010,,,,,internet,,,;
6914,kalindee rail nirman (e),,,,1984,,,,,telecom,,,;
6898,kumar properties,,,,1966,,,,,real estate,,,;
6900,kothari agritech,,,,1997,,,,,agriculture,,,;
7018,k2k infrastructure,,,,2007,,,,,engineering & construction,,,;
69984,komatsu,japan,,,,,doll_22.56 b,,,,,,;
7222,ketsaal retails,,,,2017,,,,,other,,,;
7237,khd humboldt wedag,,,,1976,,,,,industrial machinery,,,;
7243,konstelec engineers,,,,1995,,,,,engineering & construction,,,;
7286,karbonn mobile,,,,2009,,,,,electronics manufacturing,,,;
7407,kepler healthcare,,,,2013,,,,,pharma,,,;
7470,khatib & alami,,,,1964,,,,,engineering & construction,,,;
7511,kmc hospital,,,,1982,,,,,healthcare,,,;
7651,kirloskar technologies,,,,1993,,,,,medical equipment,,,;
7710,knowlarity,,,,2009,,,,,bpo,,,;
7751,k.r.pulp & papers,,,,1995,,,,,pulp & paper,,,;
7872,ksa powerinfra,,,,2011,,,,,power,,,;
7884,kerakoll,,,,1968,,,,,building material,,,;
7905,kirtane & pandit,,,,1956,,,,,accounting & auditing,,,;
7941,kreate energy,,,,1997,,,,,power,,,;
7982,kamal fincap,,,,2013,,,,,financial services,,,;
8061,kerry ingredients,,,,1972,,,,,food processing,,,;
8074,kalyaniwalla & mistry,,,,1928,,,,,accounting & auditing,,,;
8146,kintech synergy,,,,1995,,,,,power,,,;
8270,kirloskar ebara pumps,,,,1988,,,,,industrial machinery,,,;
8279,k & j project,,,,2004,,,,,engineering & construction,,,;
8288,kintetsu world express,japan,,,,,,,,,,,;
180911,ktm,,mattighofen,,1934,,,,,consumer goods,automobiles,,;
8394,kärcher cleaning systems,,,,1935,,,,,,,,;
8561,keys hotels,,,,2006,,,,,hospitality,,,;
8654,k k construction,,,,1991,,,,,engineering & construction,,,;
8680,kumon india education,,,,2004,,,,,education & training,,,;
8686,kalpa electrikal,,,,1978,,,,,electrical equipment,,,;
8700,kyocera document solutions development careers,,,,2000,,,,,printing & publishing,,,;
8796,kovai.co,,,,2009,,,,,software product,,,;
8817,ksb tech,,,,2005,,,,,industrial machinery,,,;
8872,krazy mantra it,,,,2008,,,,,,,,;
8874,kshema power and infrastructure company,,,,1998,,,,,power,,,;
8959,kestone integrated marketing services,,,,1997,,,,,marketing & advertising,,,;
8980,kalinga university,,,,2013,,,,,education & training,,,;
8981,keya foods international,,,,2009,,,,,other,,,;
9101,k7 computing,,,,1991,,,,,it services & consulting,,,;
9103,kotak education foundation,,,,2007,,,,,non-profit,,,;
9110,kaivalya education foundation,,,,2008,,,,,education & training,,,;
9133,khosla profil,,,,1979,,,,,fashion & textile,,,;
9156,kyb conmat,,,,2002,,,,,industrial machinery,,,;
9187,kesoram cement,,,,0,,,,,building material,,,;
9224,ktl,,,,1983,,,,,fashion & textile,,,;
9227,kifs housing finance,,,,2015,,,,,financial services,,,;
9238,kreditbee,,,,2018,,,,,internet,,,;
9243,kipi.bi,,,,0,,,,,it services & consulting,,,;
9277,kiit world school,,,,0,,,,,education & training,,,;
9402,kptcl,,,,1999,,,,,power,,,;
9442,kohinoor technical institute,,,,1967,,,,,education & training,,,;
9481,kpmg resource centre,,,,0,,,,,,,,;
9494,klm laboratories,,,,0,,,,,,,,;
9501,kider india,,,,2008,,,,,logistics,,,;
9516,kccec,,,,1967,,,,,engineering & construction,,,;
9592,kewaunee labway,,,,1906,,,,,furniture & furnishing,,,;
102218,kpi partners,,,,,,,,,,,,;
9738,knowledgehut,,,,2011,,,,,edtech,,,;
9825,karadi path education company,,,,2010,,,,,education & training,,,;
9752,kosan crisplant,,,,1951,,,,,oil & gas,,,;
9839,kern liebers,,,,1888,,,,,auto components,,,;
10393,k4medicaloãå(12279384),,,                        Harju maakond Tallinn Kesklinna linnaosa JÃÂµe tn 5 10151                            ,,,,,,,,,;
10395,kablakãâ¼laseiklusparkmittetulundusãâ¼hing(80278318),,,                        Tartu maakond Tartu vald Raadi alev Toompihlaka tn 5 60534                            ,,,,,,,,,;
10396,kadakakonverentsidoãå(12238534),,,                        Harju maakond Tallinn Kristiine linnaosa Kadaka tee 4 10621                            ,,,,,,,,,;
10397,kaiveispak-rawlings(11884864),,,                        Harju maakond Tallinn MustamÃÂ¤e linnaosa SÃÂµpruse pst 202-138 13416                            ,,,,,,,,,;
10398,kalleuuspalu(10767004),,,,,,,,,,,,;
10399,kamsonghinpaspangaoãå(14562747),,,                        Harju maakond Tallinn Kesklinna linnaosa RÃÂ¤vala pst 8 10143                            ,,,,,,,,,;
10400,kangalspaoãå(11949196),,,                        Harju maakond Viimsi vald PÃÂ¤rnamÃÂ¤e kÃÂ¼la Suur-Kaare tee 35/2 74020                            ,,,,,,,,,;
10401,karbicastudiospaoãå(12606529),,,                        Harju maakond Tallinn NÃÂµmme linnaosa Vabaduse pst 179f 10921                            ,,,,,,,,,;
10402,karjamãâµisaloovusparkmtãå(80554729),,,                        PÃÂ¤rnu maakond HÃÂ¤ÃÂ¤demeeste vald LepakÃÂ¼la Soometsa tee 45a 86505                            ,,,,,,,,,;
10404,karsparepartsoãå(16619776),,,                        Tartu maakond Tartu linn Tartu linn Kivi tn 25-5 51009                            ,,,,,,,,,;
10405,karularahvuspargiadministratsioon(70001892),,,,,,,,,,,,;
10406,kaspakehitusvahendusoãå(11726929),,,,,,,,,,,,;
10407,kasparaarna(12069439),,,,,,,,,,,,;
10408,kasparaavik(11441109),,,,,,,,,,,,;
10409,kasparabel(12399326),,,,,,,,,,,,;
10410,kasparalev(12015343),,,,,,,,,,,,;
10411,kasparalev(11570456),,,,,,,,,,,,;
10412,kasparalgo(14792720),,,,,,,,,,,,;
10413,kasparasoãå(14766013),,,                        Harju maakond Tallinn LasnamÃÂ¤e linnaosa Sepapaja tn 6 15551                            ,,,,,,,,,;
10414,kasparautooãå(12725323),,,,,,,,,,,,;
10415,kasparbrandt(11890118),,,,,,,,,,,,;
10418,kasparehitusoãå(11281568),,,,,,,,,,,,;
10419,kasparernesaks(14300823),,,                        Harju maakond Viimsi vald Haabneeme alevik SÃÂµstra tee 6 74001                            ,,,,,,,,,;
10421,kasparhakk(11498227),,,,,,,,,,,,;
10422,kasparhakk(10987970),,,,,,,,,,,,;
10424,kasparikartuluãå(16065549),,,                        Harju maakond Tallinn Kristiine linnaosa Liblika tn 9a 13426                            ,,,,,,,,,;
10425,kasparileoãå(11980711),,,                        Rapla maakond Rapla vald Juula kÃÂ¼la Uuetammsalu 79540                            ,,,,,,,,,;
10427,kasparinvestmentsoãå(12736290),,,                        Harju maakond Tallinn Kesklinna linnaosa Luha tn 18-32 10131                            ,,,,,,,,,;
10428,kasparisuitsukodaoãå(11372397),,,                        Harju maakond Saku vald Tagadi kÃÂ¼la Suurekivi 75517                            ,,,,,,,,,;
10429,kasparivaruosakeskuseas(10231723),,,,,,,,,,,,;
10430,kasparjancisoãå(14995529),,,                        Harju maakond Tallinn Kesklinna linnaosa J. KÃÂ¶leri tn 26/1 10150                            ,,,,,,,,,;
10432,kasparjãâ¤rvsoo(10374865),,,,,,,,,,,,;
10433,kasparkaldjãâ¤rv(11688465),,,                        LÃÂ¤ÃÂ¤ne-Viru maakond Tapa vald Tapa linn Pikk tn 50 45106                            ,,,,,,,,,;
10434,kasparkalev(12488490),,,                        Harju maakond Anija vald Alavere kÃÂ¼la Kose mnt 22-2 74401                            ,,,,,,,,,;
10435,kasparkalmer(12881359),,,,,,,,,,,,;
10436,kasparkarner(12889214),,,                        Harju maakond Tallinn Haabersti linnaosa Noorkuu tn 12-9 13516                            ,,,,,,,,,;
10437,kasparkarner(12179990),,,,,,,,,,,,;
10438,kasparkasari(11574632),,,,,,,,,,,,;
10439,kaspar&kaubikoãå(14315322),,,                        Saare maakond Saaremaa vald Kuressaare linn Tallinna tn 61 93815                            ,,,,,,,,,;
10441,kasparkinnisvarahooldusoãå(14112748),,,                        Valga maakond OtepÃÂ¤ÃÂ¤ vald OtepÃÂ¤ÃÂ¤ linn Pikk tn 16 67404                            ,,,,,,,,,;
10442,kasparkolk(14710886),,,                        Tartu maakond Tartu linn Tartu linn Jakobi tn 58-3 51005                            ,,,,,,,,,;
10443,kasparkorsar(14165392),,,,,,,,,,,,;
10444,kasparkruuse(11748463),,,,,,,,,,,,;
10445,kasparkukk(16451377),,,                        LÃÂ¤ÃÂ¤ne-Viru maakond Tapa vald Tamsalu linn Vasara tn 6 46107                            ,,,,,,,,,;
10446,kasparkurik(14940639),,,,,,,,,,,,;
10447,kasparkurve(16539362),,,                        VÃÂµru maakond Antsla vald ÃâhijÃÂ¤rve kÃÂ¼la MÃÂ¤nnituka 66420                            ,,,,,,,,,;
10448,kasparlukatsphotographyoãå(16561769),,,                        Tartu maakond Tartu linn Tartu linn Kaunase pst 34 50706                            ,,,,,,,,,;
10449,kasparmaide(10575109),,,,,,,,,,,,;
10450,kasparmerivãâ¤lja(11963351),,,,,,,,,,,,;
10451,kasparojalilled(14970535),,,                        Harju maakond Tallinn MustamÃÂ¤e linnaosa SÃÂµpruse pst 204-13 13416                            ,,,,,,,,,;
10452,kasparojasoo(11778783),,,,,,,,,,,,;
10453,kasparott(10978764),,,                        JÃÂ¤rva maakond TÃÂ¼ri vald Lokuta kÃÂ¼la 72231                            ,,,,,,,,,;
10455,kasparpalm(11811196),,,,,,,,,,,,;
10456,kasparpello(11996801),,,,,,,,,,,,;
10458,kasparpokk(11907387),,,,,,,,,,,,;
10459,kasparpãâ¤ll(14693219),,,,,,,,,,,,;
10460,kasparpãâ¤rn(11792814),,,,,,,,,,,,;
10461,kasparrammo(11540685),,,,,,,,,,,,;
10462,kasparraudla(12957973),,,,,,,,,,,,;
10463,kasparreppo(12360407),,,,,,,,,,,,;
10464,kasparroon(12896355),,,,,,,,,,,,;
10465,kasparsaaremets(12082960),,,,,,,,,,,,;
10466,kasparsaarnits(14178842),,,                        PÃÂµlva maakond RÃÂ¤pina vald RÃÂ¤pina linn Sireli tn 8-4 64505                            ,,,,,,,,,;
10467,kasparsaarnits(12958091),,,,,,,,,,,,;
10468,kasparssipolnieks(14661389),,,,,,,,,,,,;
10469,kasparãâ anin(14494796),,,,,,,,,,,,;
10470,kaspartamburmusicprojectsoãå(12571788),,,                        Harju maakond Tallinn MustamÃÂ¤e linnaosa SÃÂµpruse pst 175-1 13413                            ,,,,,,,,,;
10471,kaspartoomsalu(11737347),,,                        Viljandi maakond Viljandi vald MÃÂµnnaste kÃÂ¼la KÃÂ¤ÃÂ¤rdi 69704                            ,,,,,,,,,;
10472,kasparvahtre(11621260),,,,,,,,,,,,;
10473,kasparveske(16476348),,,                        Harju maakond Tallinn Kristiine linnaosa Kirsi tn 9-6 10616                            ,,,,,,,,,;
10474,kaspaventoãå(12569113),,,                        Harju maakond Tallinn PÃÂµhja-Tallinna linnaosa Heina tn 32-1 10319                            ,,,,,,,,,;
10475,kaubanduspartneroãå(12097068),,,                        Tartu maakond Elva vald RÃÂ¤msi kÃÂ¼la RÃÂ¤msi tee 6-12 61313                            ,,,,,,,,,;
10476,kaunispakendoãå(10783173),,,,,,,,,,,,;
10477,kaunispaviljonoãå(14892344),,,                        Saare maakond Saaremaa vald Karala kÃÂ¼la Sarapiku 93325                            ,,,,,,,,,;
10478,kauphispaaniastoãå(16461177),,,                        Harju maakond Saue vald Laagri alevik NÃÂµlvaku tn 9-6 76401                            ,,,,,,,,,;
10479,keefirispaosaãâ¼hing(11447879),,,,,,,,,,,,;
10480,kehaspaoãå(12886144),,,                        Harju maakond Harku vald VÃÂ¤ÃÂ¤na-JÃÂµesuu kÃÂ¼la Tammiku tee 4 76909                            ,,,,,,,,,;
10481,keilaautospaoãå(16278128),,,                        Harju maakond Keila linn Paldiski mnt 32a 76606                            ,,,,,,,,,;
10484,kerstiaaspalukoolitused(12224360),,,,,,,,,,,,;
10486,keyspaceretailoãå(14682799),,,                        Harju maakond Tallinn Kristiine linnaosa Keemia tn 4 10616                            ,,,,,,,,,;
10487,khankogruppoãå(12098004),,,                        Ida-Viru maakond Narva linn Rakvere tn 30-82 20305                            ,,,,,,,,,;
10488,kiilitãâ¶ãâ¶stusparkoãå(11328755),,,,,,,,,,,,;
10492,kindlustuspartnerosaãâ¼hing(10954976),,,                        Harju maakond LÃÂ¤ÃÂ¤ne-Harju vald NiitvÃÂ¤lja kÃÂ¼la Vana-MÃÂµisa tee 16 76603                            ,,,,,,,,,;
10493,kingspaninsulationoãå(12389210),,,                        Harju maakond Tallinn Kesklinna linnaosa JÃÂ¤rvevana tee 7b 10112                            ,,,,,,,,,;
10494,kingspanoãå(11459813),,,                        Harju maakond Tallinn Kristiine linnaosa MustamÃÂ¤e tee 55 10621                            ,,,,,,,,,;
10495,kinnisparkoãå(16385746),,,                        Tartu maakond Tartu linn Tartu linn Lai tn 6 51005                            ,,,,,,,,,;
10496,kirnaloodusravipark(80235154),,,                        JÃÂ¤rva maakond TÃÂ¼ri vald Kirna kÃÂ¼la MÃÂµisa tee 5 72212                            ,,,,,,,,,;
10499,kmgmtspaceoãå(14243775),,,                        Harju maakond Tallinn MustamÃÂ¤e linnaosa Laki tn 30 12915                            ,,,,,,,,,;
10500,kmigruppoãå(12681732),,,                        Ida-Viru maakond Narva linn A. Daumani tn 9-75 20607                            ,,,,,,,,,;
10501,koduspaoãå(11958031),,,                        Harju maakond Maardu linn Viljapuu pst 69 74117                            ,,,,,,,,,;
10502,koeraspaoãå(14747004),,,                        LÃÂ¤ÃÂ¤ne-Viru maakond Vinni vald MÃÂµdriku kÃÂ¼la Risttee 44320                            ,,,,,,,,,;
10503,kohilaspaceoãå(16270762),,,                        Harju maakond Tallinn NÃÂµmme linnaosa TÃÂ¤hetorni tn 21d-35 11625                            ,,,,,,,,,;
10504,kohtumispaikoãå(14478679),,,                        Harju maakond Tallinn MustamÃÂ¤e linnaosa MustamÃÂ¤e tee 193-65 12912                            ,,,,,,,,,;
10505,kolimispartneroãå(12662611),,,                        Harju maakond Tallinn NÃÂµmme linnaosa TÃÂ¤hetorni tn 21k 11625                            ,,,,,,,,,;
10506,kombainigruppoãå(11476728),,,,,,,,,,,,;
10507,koolituspartneroãå(11083785),,,                        Harju maakond Kiili vald Kiili alev Allika tn 21 75401                            ,,,,,,,,,;
10508,koristuspartneroãå(16460063),,,                        Harju maakond Tallinn NÃÂµmme linnaosa Tirdi tn 10-31 10916                            ,,,,,,,,,;
10509,korvpalliklubispark-s(80037916),,,,,,,,,,,,;
10510,krisparoãå(11818927),,,                        PÃÂ¤rnu maakond HÃÂ¤ÃÂ¤demeeste vald Reiu kÃÂ¼la Pudro 86508                            ,,,,,,,,,;
10511,kruonisoãå(10630713),,,,,,,,,,,,;
10512,k-spacemtãå(80397632),,,                        Harju maakond Tallinn MustamÃÂ¤e linnaosa Akadeemia tee 21/1 12618                            ,,,,,,,,,;
10514,kuressaareseiklusparkoãå(16225103),,,                        Saare maakond Saaremaa vald Kuressaare linn Kaevu tn 18 93816                            ,,,,,,,,,;
10515,kuusalutãâ¶ãâ¶stusparkoãå(11663100),,,,,,,,,,,,;
10518,kuuspartneroãå(11298468),,,                        Harju maakond Harku vald SÃÂµrve kÃÂ¼la SÃÂµrve tee 32 76901                            ,,,,,,,,,;
10519,kwad.spacemtãå(80587634),,,                        Harju maakond Tallinn Kesklinna linnaosa Siduri tn 7 11313                            ,,,,,,,,,;
10520,kãåehituspartneroãå(11005414),,,,,,,,,,,,;
11376,kavak,mexico,,,,,,,,e-commerce & direct-to-consumer,,,;
11378,klaviyo,united states,,,,,,,,internet software & services,,,;
11388,kucoin,seychelles,,,,,,,,fintech,,,;
13696,kopi kenangan,indonesia,,,,,,,,consumer & retail,,,;
154720,knowbox,china,,,,,,,,,,,;
176386,kendra scott,united states,,,,,,,,,,,;
13430,karat,united states,,,,,,,,internet software & services,,,;
13345,kallyope,united states,,,,,,,,health,,,;
11809,kuaikan manhua,china,,,,,,,,internet software & services,,,;
13299,konfio,mexico,,,,,,,,fintech,,,;
11866,klook,hong kong,,,,,,,,travel,,,;
11892,koudai,china,,,,,,,,e-commerce & direct-to-consumer,,,;
13252,kong,united states,,,,,,,,internet software & services,,,;
11960,k health,united states,,,,,,,,health,,,;
11977,kushki,ecuador,,,,,,,,fintech,,,;
12120,kajabi,united states,,,,,,,,internet software & services,,,;
97448,kry,sweden,,,,,,doll_77.76 m,,,health,,;
12130,keep,china,,,,,,,,internet software & services,,,;
154722,kujiale,china,,,,,,,,,,,;
13001,kaseya,united states,,,,,,,,cybersecurity,,,;
12266,kraken,united states,,,,,,,,,,,;
12817,komodo health,united states,,,,,,,,health,,,;
178339,klarna,sweden,,,,,,,,fintech,,,;
41312,kkr & co.,united states,,,,,doll_33.49 b,,,,,,;
48544,kddi,japan,,,,,doll_74.12 b,,,,,,;
94657,keurig dr pepper,united states,,,,,doll_55.28 b,,,,,,;
48096,kraft heinz,united states,,,,,,,,,,,;
41409,kbc,belgium,,,,,doll_24.88 b,,,,,,;
34755,kellogg's,united states,,,,,doll_23.58 b,,,,,,;
22021,koninklijke dsm,netherlands,,,,,doll_33.43 b,,,,,,;
35330,kenon holdings,japan,,,,,doll_1.83 b,,,,,,;
47613,kubota,japan,,,,,doll_21.19 b,,,,,,;
56257,kyocera,japan,,,,,doll_19.16 b,,,,,,;
22465,kikkoman,japan,,,,,doll_9.91 b,,,,,,;
28482,knight-swift,united states,,,,,doll_9.07 b,,,,,,;
57506,kajima,japan,,,,,doll_5.78 b,,,,,,;
23777,kruk spólka akcyjna,poland,,,,,doll_1.46 b,,,,,,;
15334,kaiser aluminum,united states,,,,,doll_1.35 b,,,,,,;
53506,kaman,united states,,,,,doll_0.63 b,,,,,,;
40640,kins technology group,united states,,,,,doll_79.25 m,,,,,,;
63842,kaival brands innovations,united states,,,,,doll_47.86 m,,,,,,;
54977,koss,united states,,,,,doll_54.71 m,,,,,,;
54915,know labs,united states,,,,,doll_62.6 m,,,,,,;
33317,kap ag,germany,,,,,doll_0.13 b,,,,,,;
40313,kossan rubber industries,malaysia,,,,,doll_0.15 b,,,,,,;
114145,kcp limited,india,,,,,doll_0.17 b,,,,,,;
40193,kingfa science & technology,india,,,,,doll_0.19 b,,,,,,;
16673,kvh industries,united states,,,,,doll_0.20 b,,,,,,;
43779,kamada,israel,,,,,doll_0.22 b,,,,,,;
62595,karat packaging,united states,,,,,doll_0.30 b,,,,,,;
25830,kyokuyo,japan,,,,,doll_0.31 b,,,,,,;
65504,kaveri seed,india,,,,,doll_0.34 b,,,,,,;
53923,kodiak sciences,united states,,,,,doll_0.43 b,,,,,,;
26721,kirloskar ferrous industries,india,,,,,doll_0.59 b,,,,,,;
61989,koppers,united states,,,,,doll_0.66 b,,,,,,;
65441,ksb ltd,india,,,,,doll_0.78 b,,,,,,;
118528,kiwi property,new zealand,,,,,doll_0.94 b,,,,,,;
168064,korian,france,,,,,doll_1.14 b,,,,,,;
149312,kornit digital,israel,,,,,doll_1.21 b,,,,,,;
140643,kingsoft cloud,china,,,,,doll_1.15 b,,,,,,;
45155,kayne anderson capital advisors,united states,,,,,doll_1.24 b,,,,,,;
38371,kronos worldwide,united states,,,,,doll_1.25 b,,,,,,;
42432,kratos defense & security solutions,united states,,,,,doll_1.36 b,,,,,,;
59585,k12,united states,,,,,doll_1.38 b,,,,,,;
18464,kiocl,india,,,,,doll_1.60 b,,,,,,;
24449,krispy kreme,united states,,,,,doll_1.94 b,,,,,,;
24608,kadant,united states,,,,,doll_2.31 b,,,,,,;
58880,kws,germany,,,,,doll_2.32 b,,,,,,;
19713,kemira,finland,,,,,,,,,,,;
19748,korn ferry,united states,,,,,doll_2.83 b,,,,,,;
42241,kb home,united states,,,,,doll_3.02 b,,,,,,;
42177,kumho petrochemical,south korea,,,,,doll_3.07 b,,,,,,;
29946,kohl's,united states,,,,,doll_3.39 b,,,,,,;
36932,kemper,united states,,,,,doll_3.42 b,,,,,,;
46339,krones,germany,,,,,,,,,,,;
72840,kojamo,finland,,,,,doll_27.29 b,,,,,,;
19649,kinnevik,sweden,,,,,,,,,,,;
58586,kulicke and soffa industries,singapore,,,,,doll_2.92 b,,,,,,;
151138,kinaxis,canada,,,,,doll_2.94 b,,,,,,;
30056,kansai paint,japan,,,,,doll_2.84 b,,,,,,;
58753,keppel reit,singapore,,,,,doll_2.54 b,,,,,,;
58718,kadokawa,japan,,,,,doll_2.51 b,,,,,,;
142565,kingnet network,china,,,,,doll_2.43 b,,,,,,;
67264,kontoor brands,united states,,,,,doll_2.58 b,,,,,,;
64900,kunlun tech,china,,,,,doll_2.57 b,,,,,,;
58764,keywords studios,ireland,,,,,,,,,,,;
151078,k+s,germany,,,,,,,,,,,;
20260,kilroy realty,united states,,,,,doll_4.78 b,,,,,,;
36386,kingsoft,china,,,,,doll_4.92 b,,,,,,;
20371,kerry properties,hong-kong,,,,,doll_3.54 b,,,,,real-estate investment ,;
153248,kosmos energy,united states,,,,,doll_3.47 b,,,,,,;
51141,korea aerospace industries,s. korea,,,,,doll_3.75 b,,,,,,;
140680,kt corporation,japan,,,,,doll_20.62 b,,,,,,;
51106,kangwon land,s. korea,,,,,doll_3.84 b,,,,,,;
49472,kimco realty,united states,,,,,doll_4.61 b,,,,,,;
20798,koza gold,turkey,,,,,doll_4.02 b,,,,,,;
137987,koito manufacturing,japan,,,,,doll_5.19 b,,,,,,;
149475,kobayashi pharmaceutical,japan,,,,,doll_4.65 b,,,,,,;
57633,keyera,canada,,,,,doll_4.93 b,,,,,,;
57571,knowbe4,united states,,,,,doll_5.54 b,,,,,,;
29090,koei tecmo,japan,,,,,doll_5.39 b,,,,,,;
36037,kghm polska miedź,poland,,,,,,,,,,,;
67041,kbr,united states,,,,,doll_6.93 b,,,,,,;
35982,kakao pay,s. korea,,,,,doll_7.61 b,,,,,,;
64656,klã©pierre,,,,,,doll_7.02 b,,,,,,;
21090,korean air lines,south korea,,,,,doll_7.12 b,,,,,,;
21102,kosã©,japan,,,,,doll_5.79 b,,,,,cosmetics ,;
50528,kinross gold,canada,,,,,doll_6.09 b,,,,,,;
50309,kintetsu ghd,japan,,,,,doll_6.06 b,,,,,,;
66304,kingfisher,,,,,81.71,doll_6.29 b,doll_17.66 b,doll_1.54 b,,,,;
138368,kobe bussan,japan,,,,,doll_8.5 m,,,,,,;
28838,krafton,s. korea,,,,,doll_6.65 b,,,,,,;
95488,kb financial group,south korea,,,,,doll_19.39 b,,,,,,;
167779,kongsberg gruppen,norway,,,,,,,,,,,;
21383,kingdom holding,saudi-arabia,,,,,doll_7.60 b,,,,,investment ,;
41636,korea zinc,south korea,,,,,doll_8.43 b,,,,,,;
49923,kesko,finland,,,,,,,,,,,;
49826,keppel,singapore,,,,,doll_9.52 b,,,,,,;
178948,kpn,netherlands,,,,,,,,,,,;
28547,kepco,japan,,,,,doll_8.32 b,,,,,,;
28514,kt&g (korea tobacco),s. korea,,,,,doll_8.64 b,,,,,,;
35840,kazatomprom,kazakhstan,,,,,doll_7.36 b,,,,,,;
95015,kasikornbank,thailand,,,,,doll_10.82 b,,,,,,;
56642,kyowa kirin,japan,,,,,doll_14.25 b,,,,,,;
56128,kakao,south korea,,,,,doll_22.76 b,,,,,,;
146921,kotak mahindra bank,india,,,,,doll_44.83 b,,,,,,;
34272,kering,france,,,,,doll_78.66 b,,,,,,;
34210,keyence,japan,,,,,doll_100.89 b,,,,,,;
136454,kroger,united states,,,,,doll_41.23 b,,,,,,;
55876,keysight,united states,,,,,doll_32.66 b,,,,,,;
49344,keycorp (keybank),united states,,,,,doll_15.94 b,,,,,,;
94857,koã§ holding,turkey,,,,,doll_6.79 b,doll_38.84 b,,,,,;
140425,korea electric power,japan,,,,,doll_8.41 b,,,,,,;
147521,kakaobank,south korea,,,,,doll_11.34 b,,,,,,;
136384,kinder morgan,united states,,,,,doll_43.42 b,,,,,,;
95488,kb financial group,south korea,,,,,doll_19.39 b,,,,,,;
22830,kaå,japan,,,,,doll_18.40 b,,,,,cosmetics consumer-goods ,;
56224,kanzhun,china,,,,,doll_18.88 b,,,,,,;
95011,kla,united states,,,,,doll_48.87 b,,,,,,;
72198,kweichow moutai,china,,,,,doll_348.22 b,,,,,,;
141668,kahoot!,norway,,,,,doll_0.78 b,,,,,,;
31458,kkr real estate finance trust,united states,,,,,doll_1.07 b,,,,,,;
23553,kiwi property,new-zealand,,,,,doll_0.93 b,,,,,real-estate ,;
59936,karur vysya bank,india,,,,,doll_1.04 b,,,,,,;
23712,k92 mining,canada,,,,,doll_1.14 b,,,,,,;
52576,kcc corp,japan,,,,,doll_73.12 b,,,,,,;
52768,kforce,united states,,,,,doll_1.20 b,,,,,,;
24005,kinetik,united states,,,,,doll_1.49 b,,,,,,;
30986,killam apartment reit,canada,,,,,doll_1.54 b,,,,,,;
59328,knowles,united states,,,,,doll_1.61 b,,,,,,;
24433,kimbell royalty partners,united states,,,,,doll_2.44 b,,,,,oil-gas energy ,;
154109,krystal biotech,united states,,,,,doll_2.13 b,,,,,,;
63106,kennedy wilson,united states,,,,,doll_2.24 b,,,,,,;
33273,kneat.com,ireland,,,,,doll_0.15 b,,,,,,;
63450,kingstone companies,united states,,,,,doll_11.11 m,,,,,,;
24896,kuuhubb,canada,,,,,doll_1.92 m,,,,,,;
24913,kaspien,united states,,,,,doll_3.34 m,,,,,,;
24960,kidpik,united states,,,,,doll_7.53 m,,,,,,;
33448,kayak inc,japan,,,,,doll_97.44 m,,,,,,;
54817,kaixin auto,china,,,,,doll_0.10 b,,,,,,;
25379,kore,united states,,,,,doll_0.11 b,,,,,,;
63427,kronos bio,italy,,,,,,,,,,,;
54665,klab,japan,,,,,doll_0.13 b,,,,,,;
40386,kulr technology,united states,,,,,doll_0.15 b,,,,,,;
62819,karyopharm therapeutics,united states,,,,,doll_0.37 b,,,,,,;
61572,klx energy services,united states,,,,,doll_0.19 b,,,,,,;
54343,kamux,finland,,,,,doll_0.19 b,,,,,,;
156864,kingsway financial services,canada,,,,,doll_0.19 b,,,,,,;
53698,kezar life sciences,united states,,,,,doll_0.46 b,,,,,,;
53483,kura sushi usa,united states,,,,,doll_0.56 b,,,,,,;
61281,kaltura,united states,,,,,doll_0.27 b,,,,,,;
63494,kinnate biopharma,united states,,,,,doll_0.27 b,,,,,,;
54561,kempharm,united states,,,,,doll_0.19 b,,,,,,;
64930,kandi technologies group,china,,,,,doll_0.21 b,,,,,,;
143895,kaiser (china) culture,china,,,,,doll_0.68 b,,,,,,;
31944,kearny financial,united states,,,,,doll_0.68 b,,,,,,;
53472,karnataka bank,india,,,,,doll_0.58 b,,,,,,;
53504,kimball electronics,united states,,,,,doll_0.59 b,,,,,,;
39008,karooooo,singapore,,,,,doll_0.74 b,,,,,,;
27801,kaō,japan,,,,,doll_18.11 b,,,,,,;
49800,koç holding,turkey,,,,,doll_7.05 m,,,,,,;
50112,kingdom holding,saudi arabia,,,,,,,,,,,;
28770,klépierre,france,,,,,doll_6.77 b,,,,,,;
36226,komercni banka,czech republic,,,,,,,,,,,;
46889,kosé,japan,,,,,doll_5.99 b,,,,,,;
150755,kerry properties,hong kong,,,,,doll_5.04 m,,,,,,;
30378,kimbell royalty partners,united states,,,,,doll_2.42 b,,,,,,;
52818,kiniksa pharmaceuticals,bermuda,,,,,doll_1.01 b,,,,,,;
56244,ka?,japan,,,,,doll_18.36 b,,,,,,;
63981,kimbell royalty partners,,,,,,doll_2.42 b,doll_0.27 b,doll_0.14 b,,,,;
146821,kla corporation,united states,,,,,doll_56.48 b,,,,technology,,;
72294,keyence corp,japan,,,,,doll_113.20 b,,,,technology,,;
147077,kuehne + nagel international ag,switzerland,,,,,doll_33.69 b,,,,,,;
69826,koninklijke dsm n.v.,netherlands,,,,,doll_27.89 b,,,diagnostics & research,consumer staples,,;
69861,kansas city southern,united states,,,,,,,,,industrials,,;
73090,kao corp,japan,,,,,doll_23.46 b,,,,consumer staples,,;
136800,kellogg company,united states,,,,,doll_22.63 b,,,,consumer staples,,;
70019,keycorp,united states,,,,,doll_21.71 b,,,,,,;
73089,klabin sa,brazil,,,,,,,,,basic materials,,;
147395,kerry group plc,ireland,,,,,doll_19.74 b,,,,,,;
73697,k3 capital group plc,united kingdom,,,,,,,,engineering & construction,industrials,,;
73515,kape technologies plc,united kingdom,,,,,doll_1.14 b,,,softwareinfrastructure,technology,,;
73662,kin and carta plc,united kingdom,,,,,doll_574.8 m,,,specialty business services,industrials,,;
73668,knot offshore partners lp,united kingdom,,,,,doll_562.5 m,,,marine shipping,industrials,,;
73847,keystone law group plc,united kingdom,,,,,doll_276.8 m,,,personal services,consumer discretionary,,;
73953,keystone positive change investment trust plc,,,,,,doll_188.1 m,,,,,,not found;
73970,knights group holdings plc,united kingdom,,,,,doll_174.6 m,,,specialty business services,industrials,,;
74082,kr1 plc,united kingdom,,,,,doll_111.6 m,,,asset management,financials,,;
88936,kkv secured loan fund limited,,,,,,doll_77.6 m,,,,,,not found;
92485,kkr,united states,,,,,doll_30.6 b,doll_19.02 b,,,,,;
94592,kraft heinz company,united states,,,,,doll_52.89 b,doll_26.04 b,,,,,;
93111,kt,south korea,,,,,doll_6.89 b,doll_21.74 b,,,,,;
93213,kao,japan,,,,,doll_19.19 b,doll_12.91 b,,,,,;
147458,kuwait finance house,kuwait,,,,,doll_23.13 b,,,,,,;
93368,kaisa group holdings,china,,,,,doll_751 m,doll_9.55 b,doll_847.8 m,,,,;
140790,korea investment holdings,south korea,,,,,,,,,,,;
142352,kobe steel,japan,,,,,doll_2.3 m,,,,,,;
93552,krung thai bank,thailand,,,,,,doll_4.43 b,,,,,krairit euchukanonchai;
93656,kawasaki kisen kaisha,japan,,,,,doll_6.35 b,,,,,,;
96816,kiwoom securities,south korea,,,,,,,,,,,;
138825,korea shipbuilding & offshore engineering,south korea,,,,,,,,,,,;
93839,kaspi.kz jsc,kazakhstan,,,,,,doll_2.2 b,,,,,mikhail lomtadze;
143260,kyushu financial group,japan,,,,,doll_1.72 m,,doll_132.1 m,,,,;
139168,kingboard holdings,hong kong,,,,,doll_5.19 b,,,,,,;
151376,kawasaki heavy industries,japan,,,,,doll_3.21 b,,,,,,;
94090,keiyo bank,japan,,,,,doll_493 m,doll_583 m,doll_95.7 m,,,,;
94092,kyndryl holdings,united states,,,,,doll_2.65 b,doll_18.66 b,doll_-2.32 b,,,,;
94149,kiyo bank,japan,,,,,doll_728 m,doll_705 m,doll_170.8 m,,,,;
181984,klockner & co se,germany,,,,,,,,,,,;
99233,kilo health,lithuania,,,,177,,doll_57.32 m,,,health,,;
100424,kazidomi,belgium,,,,65,,doll_8.04 m,,,ecommerce,,;
99374,kiteworldshop.com,italy,,,,5,,doll_1.67 m,,,ecommerce,,;
101410,kamado bono,lithuania,,,,7.0,,doll_6.8 m,,,personal & household goods,,;
98420,koesea,germany,,,,65,,doll_3.4 m,,,construction,,;
97472,kuori,finland,,,,15,,doll_2.5 m,,,technology,,;
99498,kubrick,uk,,,,673.0,,doll_32.61 m,,,management consulting,,;
99532,karl & lã©on,france,,,,6,,doll_2.39 m,,,retail,,;
102310,kuadra,italy,,,,20.0,,doll_3.4 m,,,interiors,,;
98599,kyo electric,spain,,,,8.0,,doll_5.4 m,,,telecoms,,;
97760,keylight,germany,,,,31,,doll_3.5 m,,,technology,,;
98766,klg liquida,germany,,,,20.0,,doll_5.03 m,,,chemicals & pharmaceuticals,,;
103250,kk-trade,germany,,,,15,,doll_4.38 m,,,retail,,;
99029,klc desamiantage,france,,,,46.0,,doll_6.18 m,,,construction,,;
99099,kentigen,czech republic,,,,20.0,,doll_1.51 m,,,technology,,;
99168,kinga mathe,germany,,,,5,,doll_1.8 m,,,retail,,;
100246,kioson,indonesia,,,,54,,doll_204.99 m,,,ecommerce,,;
100304,kolibri games**,germany,,,,91,,doll_53.5 m,,,technology,,;
100310,kami,new zealand,,,,28,,doll_2.16 m,,,technology,,;
100323,kaleido japan,japan,,,,10,,doll_5.45 m,,,architecture,,;
100391,kubrick group,uk,,,,335,,doll_21.3 m,,,management consulting,,;
100405,kupela,france,,,,5,,doll_7.4 m,,,food & beverage,,;
100442,kimura,japan,,,,15,,doll_7.32 m,,,construction,,;
100447,kickmaker,france,,,,90,,doll_8.81 m,,,technology,,;
103872,kolinpharma,italy,,,,82,,doll_8.92 m,,,pharmaceuticals,,;
100560,kavera elektrotechnik,germany,,,,70,,doll_3.37 m,,,technology,,;
100588,kinara capital,india,,,,1235,,doll_31.80 m,,,financial services,,;
100597,kujiraterrace,japan,,,,3,,doll_3.22 m,,,architecture,,;
100913,kuradashi,japan,,,,33,,doll_5.20 m,,,food & beverage,,;
100948,kitanotatsujin,japan,,,,155,,doll_92.78 m,,,retail,,;
101652,kenergie,india,,,,35,,doll_14.98 m,,,chemicals,,;
101116,kor glass and aluminium,australia,,,,11,,doll_2.15 m,,,industrial goods,,;
101134,kiwi.com,czech republic,,,,2800,,doll_0.0 m,,,travel & leisure,,;
101138,kse marine works,singapore,,,,120,,doll_18.11 m,,,construction,,;
101144,königskinder immobilien,germany,,,,44,,doll_7.50 m,,,property,,;
101178,keiei support plus,japan,,,,25,,doll_2.22 m,,,management consulting,,;
101199,kivra sverige,sweden,,,,77,,doll_9.27 m,,,technology,,;
101235,kaitoh,japan,,,,57,,doll_9.12 m,,,architecture,,;
101285,king kong,australia,,,,61,,doll_15.33 m,,,sales & marketing,,;
101286,kurumi real estate,japan,,,,2,,doll_8.44 m,,,architecture,,;
101333,kintaro cells power,japan,,,,2,,doll_1.31 m,,,pharmaceuticals,,;
101355,kamakura shinsho,japan,,,,145,,doll_29.99 m,,,support services,,;
101386,kindom,taiwan,,,,895,,doll_924.35 m,,,construction,,;
101409,kvs premier,india,,,,346,,doll_48.82 m,,,construction,,;
101416,kinliser,japan,,,,145,,doll_46.92 m,,,construction,,;
101439,kham,taiwan,,,,84,,doll_52.13 m,,,media,,;
101514,kids power,japan,,,,50,,doll_2.64 m,,,support services,,;
101568,karadanote,japan,,,,30,,doll_6.86 m,,,technology,,;
101627,kanazawa jitsugyou,japan,,,,38,,doll_3.06 m,,,transport,,;
101754,kombitex,germany,,,,17,,doll_9.46 m,,,retail,,;
101773,kiara bijoux,italy,,,,4,,doll_6.3 m,,,precious metals,,;
101779,kingstate,taiwan,,,,not found,,doll_108.51 m,,,technology,,;
101897,kuobrothers,taiwan,,,,not found,,doll_164.63 m,,,ecommerce,,;
101934,krollcosmetics,germany,,,,5,,doll_1.94 m,,,chemicals,,;
102003,kitanotatsujin corporation,japan,,,,176,,doll_86.82 m,,,chemicals,,;
102038,katrina group,singapore,,,,not found,,doll_61.84 m,,,restaurants,,;
102059,koda,singapore,,,,2070,,doll_57.38 m,,,interiors,,;
152008,katitas,japan,,,,,,,,,,,;
102161,kumulus vape,france,,,,25,,doll_6.51 m,,,retail,,;
102178,koh young,south korea,,,,656,,doll_191.36 m,,,technology,,;
102615,kave home,spain,,,,12,,doll_7.5 m,,,retail,,;
102692,kantox,united kingdom,,,,78,,doll_5.4 m,,,fintech,,;
102949,keroc,norway,,,,18,,doll_2.20 m,,,construction,,;
103084,kiddus accesorios,spain,,,,3,,doll_2.0 m,,,ecommerce,,;
103451,kleine riesen nord,germany,,,,146,,doll_7.65 m,,,education,,;
103336,kernel analytics,spain,,,,81,,doll_4.8 m,,,technology,,;
103555,kompany,austria,,,,22,,doll_2.21 m,,,technology,,;
103577,keiltec,germany,,,,5,,doll_3.3 m,,,construction,,;
104043,kochan bau,germany,,,,158,,doll_10.9 m,,,construction,,;
104052,kx concept,france,,,,1,,doll_2.09 m,,,retail,,;
104112,kappa offshore solutions,france,,,,6,,doll_2.0 m,,,support services,,;
104126,krotrans logistics,poland,,,,60,,doll_32.31 m,,,transport,,;
104220,kimble applications,united kingdom,,,,78,,doll_10.7 m,,,technology,,;
104263,kameleoon,france,,,,150,,doll_9.92 m,,,technology,,;
104460,keyquant,france,,,,15,,doll_9.33 m,,,financial services,,;
104509,kerris group,poland,,,,35,,doll_1.66 m,,,advertising,,;
104606,klass wagen,romania,,,,184,,doll_15.1 m,,,travel & leisure,,;
104742,kendal nutricare,united kingdom,,,,135,,doll_23.64 m,,,food & beverage,,;
104754,ks bauchemie,germany,,,,4,,doll_1.74 m,,,chemicals,,;
104788,krysos (oregold),italy,,,,6,,doll_31.96 m,,,precious metals,,;
104940,kugellager-express,germany,,,,12,,doll_1.9 m,,,ecommerce,,;
104999,kühl-konzept,germany,,,,20,,doll_3.0 m,,,industrial goods,,;
105003,kemmner logistik,germany,,,,43,,doll_2.28 m,,,transport,,;
105043,klimainvest green concepts,germany,,,,14,,doll_11.84 m,,,energy,,;
105044,kostruire,italy,,,,18,,doll_16.03 m,,,construction,,;
105077,kolonial.no,norway,,,,341,,doll_110.6 m,,,food & beverage,,;
105206,krähling bauunternehmung,germany,,,,31,,doll_2.7 m,,,construction,,;
105101,kögel & nunne bau,germany,,,,25,,doll_45.5 m,,,construction,,;
105106,keytech,italy,,,,20,,doll_3.08 m,,,cyber security,,;
105131,kerl & cie,germany,,,,10,,doll_2.9 m,,,sales & marketing,,;
105147,kinougarde,france,,,,723,,doll_25.2 m,,,education,,;
105159,kallehave stål & montage,denmark,,,,33,,doll_4.3 m,,,construction,,;
110995,kennedy logistics ltd,,,,,,,,,,,,;
117056,kj&b real estate ltd,,,,,,,,,,,,;
113113,kpmg systems ltd,,,,,,,,,,,,;
114079,knowing finances ltd,,,,,,,,,,,,;
114080,k & m investments and finances ltd.,,,,,,,,,,,,;
114191,kra finances ltd,,,,,,,,,,,,;
114776,kumasi market peckham ltd,,,,,,,,,,,,;
117802,kent scaffolding & access solutions ltd,,,,,,,,,,,,;
119651,kodumaja as,estonia,,,,,,,,,,,;
122810,kroonpress as,estonia,,,,,,,,,,,;
121481,kickoff spa,italy,,,,,,,,,,,;
119853,k.j.n. automation limited,united kingdom,,,,,,,,,,,;
123057,krm holding plus ou,estonia,,,,,,,,,,,;
119931,kokkuhoideur ou,estonia,,,,,,,,,,,;
120036,kronos incorporated,united states,,,,,,,,,,,;
120099,krm advisor ou,estonia,,,,,,,,,,,;
120115,karatchange ou,estonia,,,,,,,,,,,;
120123,krm agent ou,estonia,,,,,,,,,,,;
123289,kawe puit ou,estonia,,,,,,,,,,,;
120248,kensho security corp.,united states,,,,,,,,,,,;
123188,kaak ovens & proofers srl,italy,,,,,,,,,,,;
123208,kuwait petroleum italia spa,italy,,,,,,,,,,,;
120763,kayser filtertech italy srl,italy,,,,,,,,,,,;
120792,keyline travel management limited,united kingdom,,,,,,,,,,,;
120860,kkr capital markets holdings l.p.,united states,,,,,,,,,,,;
120960,kalon biological limited,united kingdom,,,,,,,,,,,;
123881,kodak spa,italy,,,,,,,,,,,;
123904,kepler group emea limited,united kingdom,,,,,,,,,,,;
121138,kaiser foundation hospitals,united states,,,,,,,,,,,;
123985,kiowa limited,united kingdom,,,,,,,,,,,;
124076,kme recycle srl,italy,,,,,,,,,,,;
121200,kme italy spa,italy,,,,,,,,,,,;
124082,kme srl,italy,,,,,,,,,,,;
121241,kellydeli srl,italy,,,,,,,,,,,;
121259,kryalos sgr spa,italy,,,,,,,,,,,;
121262,kryalos asset management srl,italy,,,,,,,,,,,;
121362,kinetik holdings inc.,united states,,,,,,,,,,,;
121372,kingfisher international holdings limited,united kingdom,,,,,,,,,,,;
121427,kairos partners sgr spa,italy,,,,,,,,,,,;
121556,keter italia spa,italy,,,,,,,,,,,;
121841,krauter & company llc,united states,,,,,,,,,,,;
121938,keltbray limited,united kingdom,,,,,,,,,,,;
121941,keltbray environmental materials management limited,united kingdom,,,,,,,,,,,;
121947,keltbray built environment limited,united kingdom,,,,,,,,,,,;
122046,kennedys law llp,united kingdom,,,,,,,,,,,;
122101,kt - kinetics technology spa,italy,,,,,,,,,,,;
122247,kelkoo.com (uk) limited,united kingdom,,,,,,,,,,,;
122271,kldiscovery limited,united kingdom,,,,,,,,,,,;
122353,kering italia spa,italy,,,,,,,,,,,;
122690,kenworth truck company,united states,,,,,,,,,,,;
124271,key lime interactive careers,,,,2009,,,,,information technology & services,,,;
124300,kingland systems careers,,,,1992,,,,,information technology & services,,,;
124330,king street capital management careers,,,,1995,,,,,investment management,,,;
124364,kirkland & ellis llp careers,,,,1909,,,,,legal services,,,;
124899,kas engineering careers,,,,1968,,,,,information technology & services,,,;
124920,kern family health care careers,,,,1993,,,,,hospital & health care,,,;
125046,kenna security careers,,,,2010,,,,,computer & network security,,,;
128834,krungthai card public company,thailand,,,,,,,,,,,;
161360,kuayue express,china,,,,,,,,['logistics'],,,;
152896,kkr acquisition holdings i corp.,united states,,,,,,,,,,,;
131843,kwg group holdings,china,,,,,,,,,,,;
153414,krishna institute of medical sciences limited,india,,,,,,,,,,,;
164901,kowloon development company,hong kong,,,,,,,,,,,;
154340,kerry express (thailand) public company limited,thailand,,,,,,,,,,,;
143715,knowledge economic city,saudi arabia,,,,,,,,,,,;
176387,knotel,united states,,,,,,,,,,,;
154721,kr space,china,,,,,,,,,,,;
155587,k. wah international holdings,hong kong,,,,,,,,,,,;
145283,ki-star real estate,japan,,,,,,,,,,,;
135665,kanematsu corporation,japan,,,,,,,,,,,;
135989,koch industries,united states,,,,,0,,,,,,charles g. koch;
151360,kajima corporation,japan,,,,,doll_1.47 b,,,,,,;
136578,kaspi bank joint stock company,kazakhstan,,,,,doll_30.76 m,,,,,,mikhail lomtadze;
147414,kao corporation,japan,,,,,doll_28.83 m,,doll_899.0 m,,,,yoshihiro hasebe;
137205,krafton inc.,south korea,,,,,doll_15.4 b,,,,,,chang byung-gyu;
137700,kabel deutschland holding ag,germany,,,,,doll_11.28 m,,,,,,;
137736,kirkland lake gold,canada,,,,,doll_10.41 b,,,,,,;
148442,kingdee international software group company,china,,,,,doll_10.24 b,,doll_-47.0 m,,,,;
137848,kumba iron ore,south africa,,,,,doll_14.28 m,,,,,,;
137853,knight-swift transportation holdings,united states,,,,,doll_8.62 m,,,,,,;
138193,kunlun energy company,hong kong,,,,,doll_9.3 m,,,,,,;
138215,kg dongbusteel,south korea,,,,,doll_10.28 m,,,,,,;
138227,kt&g corporation,south korea,,,,,doll_8.73 m,,,,,,;
138308,korea zinc company,south korea,,,,,doll_7.58 b,,,,,,;
167699,kobenhavns lufthavne a/s,denmark,,,,,,,,,,,;
138380,klepierre sa,france,,,,,doll_7.0 m,,,,,,;
138493,kangmei pharmaceutical,china,,,,,doll_6.89 b,,,,,,;
138499,keppel corporation,singapore,,,,,doll_6.85 b,,,,,,;
138503,kinross gold corporation,canada,,,,,doll_6.83 b,,doll_221.0 m,,,,;
149329,konami holdings corporation,japan,,,,,doll_1.88 b,,,,,,;
138775,keda clean energy,china,,,,,doll_5.38 m,,,,,,;
149674,kuala lumpur kepong berhad,malaysia,,,,,doll_5.44 m,,doll_533.0 m,,,,;
139100,kintetsu groupholdings,japan,,,,,doll_5.31 b,,,,,,;
139212,kurita water industries,japan,,,,,doll_5.36 m,,,,,,;
139293,kakaku.com,japan,,,,,doll_4.99 b,,,,,,;
139393,kite realty group trust,united states,,,,,doll_4.81 b,,,,,,;
139404,kimberly-clark de mexico s. a. b. de c. v,mexico,,,,,doll_5.46 m,,,,,,;
139630,kerry logistics network,hong kong,,,,,doll_4.42 b,,,,,,;
150645,kbc ancora sca,belgium,,,,,,,,,,,;
140539,kennedy-wilson holdings,united states,,,,,doll_3.35 m,,,,,,;
181993,kuka,germany,,,,,,,,,,,;
140731,kyushu railway company,japan,,,,,doll_3.54 m,,,,,,;
140856,kinden corporation,japan,,,,,doll_3.48 m,,,,,,;
151538,kuraray,japan,,,,,doll_3.27 m,,doll_272.0 m,,,,;
151586,kewpie corporation,japan,,,,,doll_3.38 m,,doll_131.0 m,,,,;
140945,keshun waterproof technology,china,,,,,doll_3.06 m,,,,,,;
141000,kingclean electric co.ltd,china,,,,,doll_2.97 b,,,,,,;
141012,kce electronics public company,thailand,,,,,doll_5.75 m,,,,,,;
141215,kws saat se & co. kgaa,germany,,,,,doll_2.8 b,,,,,,;
151899,kent gida maddeleri sanayii ve ticaret,turkey,,,,,doll_2.79 b,,,,,,;
142174,kyudenko corporation,japan,,,,,doll_2.14 b,,,,,,;
152134,kenedix retail reit corporation,japan,,,,,doll_1.57 m,,,,,,;
141682,kepco engineering & construction company,south korea,,,,,doll_1.6 m,,,,,,;
141779,kehua hengsheng,china,,,,,doll_2.34 m,,,,,,;
152482,kagome,japan,,,,,doll_2.35 b,,doll_71.0 m,,,,;
141833,kardex ag,switzerland,,,,,doll_2.33 b,,,,,,;
141900,kazan organichesky sintez,russia,,,,,doll_2.85 m,,,,,,;
174317,kansai mirai financial group,japan,,,,,doll_1.8 m,,,,,,;
141998,kamigumi,japan,,,,,doll_2.52 m,,,,,,;
142151,kaneka corporation,japan,,,,,doll_2.7 m,,doll_193.0 m,,,,;
142325,kape technologies,isle of man,,,,,doll_1.14 m,,,,,,;
142423,k-fast holding ab (publ),sweden,,,,,doll_2.02 b,,doll_98.0 m,,,,;
142436,keppel infrastructure trust,singapore,,,,,doll_2.01 b,,,,,,;
153165,killam apartment real estate investment trust,canada,,,,,doll_1.87 m,,,,,,;
142586,konfoong materials international,china,,,,,doll_1.66 m,,,,,,;
142653,kusuri no aoki holdings,japan,,,,,doll_1.91 b,,,,,,;
142835,kailuan energy chemical,china,,,,,doll_2.15 m,,,,,,;
143044,kokuyo,japan,,,,,doll_2.02 m,,,,,,;
143063,keda group,china,,,,,doll_0.85 m,,,,,,;
143171,kunshan kinglai hygienic materials,china,,,,,doll_1.7 b,,,,,,;
143313,kolon industries,south korea,,,,,doll_2.01 m,,,,,,;
143319,king's town bank,taiwan,,,,,doll_1.64 b,,doll_186.0 m,,,,;
143327,kinepolis group nv,belgium,,,,,doll_1.64 b,,,,,,;
143353,king slide works,taiwan,,,,,doll_1.27 m,,,,,,;
143532,kandenko,japan,,,,,doll_1.75 m,,,,,,;
143727,karo pharma ab (publ),sweden,,,,,doll_1.45 m,,,,,,;
144036,keeptruckin,united states,,,,,,,,,,,;
154939,koza altin isletmeleri,turkey,,,,,doll_1.37 b,,,,,,;
155094,kei industries,india,,,,,doll_1.34 b,,,,,,;
144462,kotobuki spirits,japan,,,,,doll_2.06 m,,,,,,;
144524,kpc pharmaceuticals,china,,,,,doll_1.05 m,,,,,,;
144530,kura sushi,japan,,,,,doll_1.56 m,,,,,,;
144570,kangji medical holdings limited,china,,,,,doll_1.77 m,,,,,,;
144578,kyoritsu maintenance,japan,,,,,doll_1.29 b,,,,,,;
155473,kaman corporation,united states,,,,,doll_1.24 b,,,,,,;
145004,kernel holding s.a.,ukraine,,,,,doll_1.24 m,,,,,,;
155741,kumagai gumi,japan,,,,,doll_1.14 m,,,,,,;
145126,kunwu jiuding investment holdings,china,,,,,doll_1.16 b,,,,,,;
145266,komax holding ag,switzerland,,,,,doll_1.13 b,,,,,,;
145272,kunming yunnei power,china,,,,,doll_1.13 b,,,,,,;
145352,komeri,japan,,,,,doll_1.11 b,,,,,,;
145369,kunming longjin pharmaceutical,china,,,,,doll_1.11 b,,,,,,;
145416,keeson technology corporation,china,,,,,doll_0.78 m,,,,,,;
145477,kumho tire,south korea,,,,,doll_1.48 m,,,,,,;
145575,keymed biosciences inc.,china,,,,,doll_1.8 m,,,,,,;
145693,knowit ab (publ),sweden,,,,,doll_1.04 b,,,,,,;
145741,knoll,united states,,,,,0.0,,,,,,;
145755,kayne anderson mlp/midstream investment company,united states,,,,,doll_1.03 b,,,,,,;
145864,kato sangyo,japan,,,,,doll_1.07 m,,,,,,;
145871,kh neochem,japan,,,,,doll_1.01 b,,,,,,;
145876,keli motor group,china,,,,,doll_1.01 b,,,,,,;
145923,kamaz publicly traded company,russia,,,,,doll_1.1 m,,,,,,;
145927,kenda rubber industrial,taiwan,,,,,doll_1.08 m,,,,,,;
146003,kalyan jewellers india limited,india,,,,,doll_0.95 m,,,,,,;
146022,kimbell royalty partners lp,united states,,,,,doll_989.0 m,,,,,,;
146080,kennede electronics mfg,china,,,,,doll_0.53 m,,,,,,;
146160,kanematsu electronics,japan,,,,,doll_1.0 m,,,,,,;
146209,kohnan shoji,japan,,,,,doll_951.0 m,,,,,,;
146286,kaufman & broad,france,,,,,doll_1.01 m,,,,,,;
146398,kama holdings,india,,,,,doll_0.95 m,,,,,,;
157142,kmc (kuei meng) international,taiwan,,,,,doll_0.95 m,,,,,,;
150686,kuayue express,china,,,,,0.0,,0.0,,,,;
153005,kape technologies,isle of man uk,,,,,doll_2.08 b,,0.0,,,,;
153266,konfoong materials international,china,,,,,doll_1.95 b,,0.0,,,,;
153743,keda group,china,,,,,doll_1.74 b,,0.0,,,,;
154116,kaiser aluminum corporation,united states,,,,,doll_1.59 b,,doll_-18.0 m,,,,;
183816,kockums naval solutions,,malmö,,1840,,,,,industrials,commercial vehicles & trucks,,;
183817,koenigsegg,,ängelholm,,1994,,,,,consumer goods,automobiles,,;
183818,kooperativa förbundet,,stockholm,,1899,,,,,consumer services,consumer co-operatives,,;
183819,kopparbergs brewery,,kopparberg,,1882,,,,,consumer goods,brewers,,;
178344,kosta glasbruk,,kosta,,1742,,,,,industrials,building materials & fixtures,,;
178345,krönleins,,halmstad,,1836,,,,,consumer goods,brewers,,;
178346,kungsörnen,,järna,,1929,,,,,consumer goods,food products,,;
183624,kelme,,elche,,1977,,,,,consumer services,apparel retailers,,;
183538,krka,,novo mesto,,1954,,,,,health care,pharmaceuticals,,;
178843,kino polska,,warsaw,,2003,,,,,consumer services,broadcasting & entertainment,,;
178844,kłodawa salt mine,,kłodawa,,1950,,,,,basic materials,general mining,,;
178845,kompania piwowarska,,poznań,,1999,,,,,consumer goods,brewers,,;
183320,kompania węglowa,,katowice,,2003,,,,,basic materials,coal,,;
183208,klm,,amstelveen,,1919,,,,,consumer services,airlines,,;
183106,kbl european private bankers,,luxembourg city,,1949,,,,,financials,banks,,;
183107,kulczyk investments,,luxembourg city,,2007,,,,,financials,investment services,,;
179085,kalnapilis,,panevėžys,,1902,,,,,consumer goods,brewers,,;
182840,kappa,,turin,,1916,,,,,consumer goods,clothing & accessories,,;
179368,kiton,,naples,,1956,,,,,consumer goods,clothing & accessories,,;
179369,krizia,,milan,,1954,,,,,consumer goods,clothing & accessories,,;
179370,kuota,,albiate,,2001,,,,,consumer goods,recreational products,,;
179612,kbc bank ireland,,dublin,,1973,,,,,financials,banks,,;
182560,kerry group,,tralee,,1972,,,,,consumer goods,food products,,;
179704,k&h bank,,budapest,,1987,,,,,financials,banks,,;
180013,keolis,,paris,,2001,,,,,consumer services,travel & tourism,,;
181585,kemppi,,lahti,,1949,,,,,industrials,business support services,,;
180121,kotipizza,,helsinki,,1987,,,,,consumer services,restaurants & bars,,;
180200,kalev,,lehmja,,1806,,,,,consumer goods,food products,,;
180291,kemp & lauritzen,,copenhagen,,1882,,,,,industrials,business support services,,;
180292,kopenhagen fur,,copenhagen,,1930,,,,,consumer goods,clothing & accessories,,;
180369,kaden models,,nový hrádek,,1950,,,,,consumer goods,toys,,;
180370,kenvelo,,prague,,1991,,,,,consumer services,apparel retailers,,;
180371,kofola,,ostrava,,1960,,,,,consumer goods,soft drinks,,;
181296,keo,,limassol,,1927,,,,,consumer goods,soft drinks,,;
181204,karlovačka pivovara,,karlovac,,1854,,,,,consumer goods,brewers,,;
180544,kandit,,osijek,,1920,,,,,consumer goods,food products,,;
180545,koestlin,,bjelovar,,1905,,,,,consumer goods,food products,,;
181208,konstruktor-split,,split,,1945,,,,,industrials,heavy construction,,;
181209,konzum,,zagreb,,1957,,,,,consumer services,food retailers & wholesalers,,;
181210,kraljevica shipyard,,kraljevica,,1729,,,,,industrials,commercial vehicles & trucks,,;
181211,kraš,,zagreb,,1950,,,,,consumer goods,food products,,;
181114,kamenitza,,plovdiv,,1881,,,,,consumer goods,brewers,,;
181115,karlsberg bulgaria ad,,shumen,,2002,,,,,consumer goods,brewers,,;
180632,kintex,,sofia,,1966,,,,,industrials,defense,,;
180633,kremikovtzi ad,,sofia,,1963,,,,,basic materials,iron & steel,,;
181017,katoen natie,,antwerp,,1854,,,,,industrials,delivery services,,;
181018,kbc bank,,brussels,,1985,,,,,financials,banks,,;
181019,keytrade bank,,brussels,,1998,,,,,financials,investment services,,;
181020,kinepolis,,ghent,,1997,,,,,consumer services,recreational services,,;
180819,kapsch,,vienna,,1892,,,,,technology,telecommunications equipment,,;
180820,kika,,vienna,,1973[3],,,,,consumer goods,furnishings,,;
181979,kärcher,,winnenden,,1935,,,,,industrials,waste & disposal services,,;
181981,kaufland,,neckarsulm,,1985,,,,,consumer services,food retailers & wholesalers,,;
181982,keimfarben,,diedorf,,1878,,,,,basic materials,speciality chemicals,,;
181983,kfw,,frankfurt,,1906,,,,,financials,banks,,;
181985,knorr,,heilbronn,,1838,,,,,consumer goods,food products,,;
181987,koenig & bauer,,würzburg,,1817,,,,,industrials,industrial machinery,,;
181988,körber,,hamburg,,1995,,,,,industrials,industrial machinery,,;
181989,krauss-maffei,,munich,,1931,,,,,industrials,industrial machinery,,;
181990,krombacher brauerei,,kreuztal,,1803,,,,,consumer goods,brewers,,;
181992,ksb company,,frankenthal,,1871,,,,,industrials,industrial machinery,,;
182283,kefalonian lines,,cephalonia,,2013,,,,,industrials,marine transportation,,;
182286,karelia fine tobaccos,,kalamata,,1888,,,,,consumer goods,tobacco,,;
182288,kioleides,,athens,,1968,,,,,industrials,commercial vehicles & trucks,,;
182289,korres,,athens,,1996,,,,,health care,cosmetics,,;
182290,kostoulas,,athens,,1986,,,,,consumer services,waste management,,;
182291,kotsovolos,,athens,,1950,,,,,consumer services,electronics,,;
182292,kyknos,,ilia,,1911,,,,,consumer goods,food products,,;
183315,k. rudzki i s-ka,,warsaw,,1858,,,,,industrials,engineering and machinery,,;
184272,kawasaki heavy industries,,ch??,,0,,,,,heavy equipment automotive defense,,,;
184273,kappa (brand),,ch??,,1978,,,,,sports equipment textile,,,;
184276,kirin company,,ch??,,1888,,,,,beverage,,,;
184279,klim type foundry,,irving,,1987,,,,,storage devices,,,;
184280,knorr (brand),,irving,,1987,,,,,storage devices,,,;
184282,konami,,tokyo,,0,,,,,video games entertainment,,,;
184283,korg,,inagi,,1962,,,,,electronics,,,;
21,kotak mahindra bank,,,,2003,,,,,banking,,,;
630,krishna maruti,,,,1994,,,,,auto components,,,;
916,kinara capital,,,,2011,,,,,fintech,,,;
991,karur vysya bank,,,,1916,,,,,banking,,,;
1125,kalpataru group,,,,1969,,,,,real estate,,,;
1172,kotak mahindra prime,,,,1996,,,,,banking,,,;
1278,kmv projects,,,,2007,,,,,engineering & construction,,,;
1443,kfin technologies,,,,2017,,,,,it services & consulting,,,;
1666,karvy financial services,,,,1981,,,,,financial services,,,;
1757,kissht finance,,,,2015,,,,,fintech,,,;
1900,kokilaben dhirubhai ambani hospital,,,,2009,,,,,healthcare,,,;
2159,kalyani technoforge,,,,1979,,,,,automobile,,,;
2399,krsnaa diagnostics,,,,2010,,,,,healthcare,,,;
2480,karvy innotech,,,,2012,,,,,it services & consulting,,,;
2651,kandhari beverages,,,,1967,,,,,beverage,,,;
2726,kiswok industries,,,,1957,,,,,auto components,,,;
3189,kauvery hospital,,,,1999,,,,,healthcare,,,;
3235,krishnapatnam port,,,,2008,,,,,ports & shipping,,,;
3340,knowledge splice services pvt ltd.,,,,2011,,,,,bpo,,,;
3349,kangaro industries,,,,1994,,,,,fmcg,,,;
3682,kalyani motors,,,,2006,,,,,automobile,,,;
3683,kusum healthcare,,,,1997,,,,,pharma,,,;
3737,kalyani forge,,,,1979,,,,,iron & steel,,,;
3753,kamineni hospitals,,,,1995,,,,,healthcare,,,;
4025,kanwar enterprises,,,,1997,,,,,engineering & construction,,,;
4111,koye pharmaceuticals,,,,2013,,,,,pharma,,,;
4162,karam industries,,,,1998,,,,,engineering & construction,,,;
4170,karam industries,,,,1998,,,,,engineering & construction,,,;
4232,kem hospital,,,,1926,,,,,healthcare,,,;
4242,kovai medical center and hospital,,,,1985,,,,,healthcare,,,;
4299,king george's medical university,,,,1905,,,,,education & training,,,;
4495,kiran foreign trade,,,,2007,,,,,software product,,,;
4547,kantar operations,,,,1993,,,,,analytics & kpo,,,;
4732,kaveri seed company,,,,1976,,,,,chemicals / agri inputs,,,;
4816,kriti industries,,,,1983,,,,,building material,,,;
5112,karnataka bank,,,,1924,,,,,banking,,,;
5451,k r mangalam university,,,,2013,,,,,education & training,,,;
6237,kusalava international,,,,1964,,,,,industrial machinery,,,;
6246,kesoram industries,,,,1919,,,,,auto components,,,;
6426,kanakadurga finance,,,,1994,,,,,nbfc,,,;
6571,karuna management services,,,,1995,,,,,retail,,,;
7101,kommineni infotech,,,,1998,,,,,it services & consulting,,,;
7133,kaar tech,,,,2005,,,,,it services & consulting,,,;
7580,kingfisher airlines,,,,2003,,,,,aviation,,,;
7625,kumaran systems,,,,1990,,,,,it services & consulting,,,;
7663,kumaran systems,,,,1990,,,,,it services & consulting,,,;
7749,kasturba medical college,,,,1953,,,,,education & training,,,;
7781,kotak mahindra general insurance,,,,2015,,,,,insurance,,,;
7795,karuna greentech,,,,2015,,,,,electrical equipment,,,;
7863,karnataka power corporation,,,,1970,,,,,power,,,;
7896,krishna institute of medical sciences,,,,2000,,,,,healthcare,,,;
7955,kemin industries,,,,1961,,,,,biotechnology,,,;
8056,kemin industries,,,,1961,,,,,biotechnology,,,;
8546,kiran udyog auto industries,,,,1984,,,,,auto components,,,;
8702,karle infra,,,,2011,,,,,real estate,,,;
8784,krishna enterprises,,,,2017,,,,,industrial machinery,,,;
8802,kuber enterprises,,,,1999,,,,,engineering & construction,,,;
8869,krishna beads industries,,,,1980,,,,,fashion & textile,,,;
8954,kribhco fertilizers limited,,,,1995,,,,,agro chemicals,,,;
9183,krishna institute of engineering & technology,,,,1998,,,,,education & training,,,;
9283,kalburgi cement,,,,2008,,,,,building material,,,;
9302,keo international consultants,,,,1964,,,,,engineering & construction,,,;
9308,kalburgi cement,,,,2008,,,,,building material,,,;
9809,kothari medical centre,,,,1971,,,,,healthcare,,,;
9846,kothari medical centre,,,,1971,,,,,healthcare,,,;
15617,kimball international,united states,,,,,doll_0.26 b,,,,,['furniture'],;
15981,kingstone companies,united states,,,,,doll_17.94 m,,,,,['insurance'],;
16138,kirkland's,united states,,,,,doll_44.89 m,,,,,['retail'],;
16416,kopin corporation,united states,,,,,doll_0.11 b,,,,,,;
18986,kontoor brands,united states,,,,,doll_2.54 b,,,,,['clothing'],;
21052,karuna therapeutics,united states,,,,,doll_6.87 b,,,,,pharmaceuticals ,;
21185,komeränã­ banka,none,,,,,doll_6.12 b,,,,,banks financial-services ,;
23596,kura oncology,united states,,,,,doll_0.98 b,,,,,pharmaceuticals biotech ,;
23632,kiniksa pharmaceuticals,none,,,,,doll_1.00 b,,,,,pharmaceuticals biotech ,;
23723,keros therapeutics,united states,,,,,doll_1.39 b,,,,,biotech pharmaceuticals ,;
24326,kymera therapeutics,united states,,,,,doll_1.92 b,,,,,pharmaceuticals biotech ,;
24883,kala pharmaceuticals,united states,,,,,doll_30.68 m,,,,,pharmaceuticals biotech ,;
25067,kirkland's,united states,,,,,doll_46.8 m,,,,,retail ,;
25538,kopin corporation,united states,,,,,doll_0.16 b,,,,,none,;
26106,kalvista pharmaceuticals,united states,,,,,doll_0.24 b,,,,,pharmaceuticals biotech ,;
26393,kimball international,united states,,,,,doll_0.26 b,,,,,furniture ,;
28800,karuna therapeutics,united states,,,,,doll_6.89 b,,,,,,;
30700,kymera therapeutics,united states,,,,,doll_1.89 b,,,,,,;
31159,keros therapeutics,united states,,,,,doll_1.35 b,,,,,,;
31749,kura oncology,united states,,,,,doll_0.97 b,,,,,,;
32827,kimball international,united states,,,,,doll_0.26 b,,,,,,;
32930,kalvista pharmaceuticals,united states,,,,,doll_0.24 b,,,,,,;
33204,kopin corporation,united states,,,,,doll_0.16 b,,,,,,;
33680,kirkland's,united states,,,,,doll_44.76 m,,,,,,;
33761,kala pharmaceuticals,united states,,,,,doll_31.29 m,,,,,,;
33865,kingstone companies,united states,,,,,doll_18.37 m,,,,,,;
35928,karuna therapeutics,united states,,,,,doll_6.84 b,,,,,,;
37502,kontoor brands,united states,,,,,doll_2.38 b,,,,,,;
37560,kimbell royalty partners,united states,,,,,doll_2.29 b,,,,,,;
38127,kymera therapeutics,united states,,,,,doll_1.49 b,,,,,,;
38317,keros therapeutics,united states,,,,,doll_1.31 b,,,,,,;
38875,kura oncology,united states,,,,,doll_810.0 m,,,,,,;
39955,kimball international,united states,,,,,doll_260.0 m,,,,,,;
40157,kandi technologies group,china,,,,,doll_200.0 m,,,,,,;
40292,kalvista pharmaceuticals,united states,,,,,doll_160.0 m,,,,,,;
40363,kopin corporation,united states,,,,,doll_140.0 m,,,,,,;
40794,kala pharmaceuticals,united states,,,,,doll_46.88 m,,,,,,;
40816,kirkland's,united states,,,,,doll_44.38 m,,,,,,;
41012,kingstone companies,united states,,,,,doll_16.73 m,,,,,,;
42789,kopin corporation,united states,,,,,doll_0.13 b,,,,,[],;
42878,kirkland's,united states,,,,,doll_49.23 m,,,,,['retail'],;
43874,kimball international,united states,,,,,doll_0.23 b,,,,,['furniture'],;
46957,karuna therapeutics,united states,,,,,doll_6.87 b,,,,,['pharmaceuticals'],;
50171,karuna therapeutics,united states,,,,,doll_7.02 b,,,,,,;
52291,kymera therapeutics,united states,,,,,doll_1.62 b,,,,,,;
52518,keros therapeutics,united states,,,,,doll_1.38 b,,,,,,;
53060,kura oncology,united states,,,,,doll_0.88 b,,,,,,;
54295,kimball international,united states,,,,,doll_0.23 b,,,,,,;
54620,kalvista pharmaceuticals,united states,,,,,doll_0.13 b,,,,,,;
54641,kopin corporation,united states,,,,,doll_0.13 b,,,,,,;
55020,kirkland's,united states,,,,,doll_46.42 m,,,,,,;
55215,kingstone companies,united states,,,,,doll_17.73 m,,,,,,;
57291,karuna therapeutics,united states,,,,,doll_6.66 b,,,,,,;
57451,komer?ní banka,,,,,,doll_6.03 b,,,,,,;
58760,kontoor brands,united states,,,,,doll_2.54 b,,,,,,;
58848,kimbell royalty partners,united states,,,,,doll_2.38 b,,,,,,;
59129,kymera therapeutics,united states,,,,,doll_1.92 b,,,,,,;
59571,keros therapeutics,united states,,,,,doll_1.39 b,,,,,,;
60021,kiniksa pharmaceuticals,,,,,,doll_0.97 b,,,,,,;
60048,kura oncology,united states,,,,,doll_0.95 b,,,,,,;
61293,kimball international,united states,,,,,doll_0.26 b,,,,,,;
61334,kalvista pharmaceuticals,united states,,,,,doll_0.25 b,,,,,,;
61888,kimball international,,,,,2.41,doll_0.26 b,doll_0.68 b,-doll_0.05 m,,,,;
62371,kirkland's,,,,,1.0,doll_44.76 m,doll_0.51 b,-doll_25.18 m,,,,;
63190,kala pharmaceuticals,,,,,192.0,doll_31.29 m,doll_5.74 m,-doll_79.55 m,,,,;
63210,kopin corporation,,,,,181.0,doll_0.16 b,doll_48.41 m,-doll_19.19 m,,,,;
63230,kymera therapeutics,,,,,169.0,doll_1.89 b,doll_45.96 m,-doll_0.16 b,,,,;
63345,kura oncology,,,,,123.0,doll_0.97 b,,-doll_0.14 b,,,,;
63362,karuna therapeutics,,,,,118.0,doll_6.89 b,doll_42.32 m,-doll_0.24 b,,,,;
63407,kalvista pharmaceuticals,,,,,105.0,doll_0.24 b,,-doll_0.11 b,,,,;
63441,keros therapeutics,,,,,97.0,doll_1.35 b,doll_20 m,-doll_79.9 m,,,,;
65139,kotak mahindra bank,,,,,90.0,doll_43.62 b,doll_6.00 b,doll_1.78 b,,,,;
68145,kimball international,,,,,2.410,doll_0.25 b,doll_0.68 b,-doll_0.05 m,,,,;
69581,kimberly-clark corporation,united states,,,,,doll_43.21 b,,,household & personal products,consumer staples,,;
70581,kimberly-clark corporation,united states,,,,,doll_43.21 b,,,household & personal products,consumer staples,,;
72581,kimberly-clark corporation,united states,,,,,doll_43.21 b,,,household & personal products,consumer staples,,;
74541,kimberly-clark corporation,united states,,,,,doll_43.21 b,,,,consumer staples,,;
110996,kgh surfacing limited,,,16meadowdrive micklefield leeds westyorkshire unitedkingdom ls254fq,,,,,,,,,;
113115,kgh surfacing limited,,,,,,,,,,,,;
114154,k & m investments and finances.egypt ltd,,,,,,,,,,,,;
114162,k a j finances ltd,,,,,,,,,,,,;
114195,k2a finances limited,,,,,,,,,,,,;
114197,kohi finances limited,,,,,,,,,,,,;
117053,kgh surfacing limited,,,,,,,,,,,,;
117800,kwikoffice ltd,,,,,,,,,,,,;
117801,kwikcharge ltd,,,,,,,,,,,,;
118524,k brown home limited,,,,,,,,,,,,;
124218,kespry careers,,,,2013,,,,,computer software,,,;
124255,korn ferry careers,,,,1969,,,,,management consulting,,,;
124265,klaviyo careers,,,,2012,,,,,internet,,,;
124361,kinesso careers,,,,2009,,,,,marketing & advertising,,,;
124394,kyruus careers,,,,2010,,,,,hospital & health care,,,;
124590,kanarys careers,,,,2018,,,,,information technology & services,,,;
124713,katerra careers,,,,2015,,,,,construction,,,;
124734,keyence corporation careers,,,,1974,,,,,industrial automation,,,;
124735,khan academy careers,,,,2007,,,,,education management,,,;
124740,kittyhawk careers,,,,1981,,,,,aviation & aerospace,,,;
124900,kaulz consulting careers,,,,2019,,,,,management consulting,,,;
124940,kraferd careers,,,,2015,,,,,computer software,,,;
125103,kenshoo careers,,,,2006,,,,,internet,,,;
125119,k2 careers,,,,2000,,,,,computer software,,,;
136260,kimberly-clark corporation,united states,,,,,doll_46.41 m,,,,,,thomas j. falk;
138422,kuang-chi technologies,china,,,,,doll_7.13 m,,,,,,;
138539,kohl's corporation,united states,,,,,doll_8.97 m,,,,,,;
138725,kose corporation,japan,,,,,doll_6.84 m,,,,,,;
139335,keboda technology,china,,,,,doll_3.61 m,,,,,,;
139925,kemper corporation,united states,,,,,doll_4.37 m,,,,,,;
140211,karuna therapeutics,united states,,,,,doll_3.51 m,,,,,,;
141078,kontoor brands,united states,,,,,doll_3.11 m,,,,,,;
142166,knowles corporation,united states,,,,,doll_1.84 m,,,,,,;
143436,kaiser aluminum corporation,united states,,,,,doll_2.0 m,,,,,,;
143702,kraton corporation,united states,,,,,doll_1.36 m,,,,,,;
146940,kimberly-clark corporation,united states,,,,,doll_48.4 b,,doll_1.81 b,,,,michael d. hsu;
149102,kuang-chi technologies,china,,,,,doll_7.16 b,,doll_39.0 m,,,,;
149219,kohl's corporation,united states,,,,,doll_6.71 b,,doll_938.0 m,,,,;
149395,kose corporation,japan,,,,,doll_6.23 b,,doll_106.0 m,,,,;
150015,keboda technology,china,,,,,doll_4.91 b,,doll_56.0 m,,,,;
150605,kemper corporation,united states,,,,,doll_4.01 b,,doll_-120.0 m,,,,;
150891,karuna therapeutics,united states,,,,,doll_3.71 b,,doll_-143.0 m,,,,;
152846,knowles corporation,united states,,,,,doll_2.15 b,,doll_150.0 m,,,,;
154382,kraton corporation,united states,,,,,doll_1.49 b,,doll_-226.0 m,,,,;
178659,komerční banka bratislava,,bratislava,,1995,,,,,financials,banks,,;
180372,komerční banka,,prague,,1990,,,,,financials,banks,,;
180631,kino nova,,sofia,,2011,,,,,consumer services,broadcasting & entertainment,,;
181116,kino nova,,sofia,,2011,,,,,consumer services,broadcasting & entertainment,,;
181359,komerční banka,,prague,,1990,,,,,financials,banks,,;
181980,katjes international,,emmerich am rhein,,1972,,,,,market,food retailers,,;
182287,kathimerini publishing s.a,,neo phaliro,,1919,,,,,consumer services,media,,;
183500,komerční banka bratislava,,bratislava,,1995,,,,,financials,banks,,;
184274,kellogg's,,ch??,,0,,,,,food processing,,,;
