country,employees_2017,employees_2020,founding_year,name,revenue_2017,revenue_2020,sector
finland,1,218,2016,swappie,"507,000","97,611,814",technology
lithuania,10,177,2013,kilo health,"344,428","57,318,766",health
uk,4,32,2012,oci,"4,325,512","568,322,073",financial services
uk,4,800,2016,onlyfans,"2,652,185","316,732,986",technology
germany,9,365,2017,enpal,"486,165","56,109,613",energy
germany,2,9,2017,mr consulting,"150,908","13,165,586",waste management & recycling
uk,12,57,2015,thriva,"251,668","18,732,563",health
france,15,200,2015,exotec,"706,700","47,597,000",industrial goods
italy,1,10,2015,winelivery,"111,500","7,337,290",ecommerce
sweden,5,117,2015,instabox,"392,055","24,484,879",technology
austria,12,180,2016,waterdrop,"680,197","41,205,930",food & beverage
france,2,11,2016,one lease,"153,046","9,015,211",support services
italy,13,251,2017,datlas*,"155,406","9,034,926",technology
uk,36,224,2016,zego,"229,201","12,158,046",fintech
germany,5,24,2017,hcl-logistics,"238,118","11,387,156",transport
uk,4,34,2016,popsa,"454,975","21,455,864",technology
switzerland,2,41,2017,unit8,"149,397","7,234,981",technology
finland,6,49,2016,luoto company,"325,585","14,338,668",technology
austria,9,29,2014,journi print,"160,624","6,851,839",ecommerce
france,23,228,2017,portify,"274,575","11,583,215",support services
norway,8,45,2015,tibber,"782,918","30,886,935",energy
poland,6,18,2013,rascal industry,"238,451","9,008,822",fashion
italy,20,509,2017,pegaso security,"207,120","8,375,180",support services
uk,72,581,2016,tide,"416,562","16,136,633",fintech
italy,1,1,2017,euro top brand,"363,010","13,888,900",retail
uk,6,26,2011,bold security group,"181,772","6,238,378",support services
norway,10,140,2013,play magnus group,"214,673","6,461,790",games industry
uk,1,7,2016,blue whale growth fund,"170,950","5,189,391",financial services
belgium,3,65,2016,kazidomi,"263,663","8,042,499",ecommerce
latvia,90,800,2012,sun finance,"4,044,537","121,306,296",fintech
italy,21,56,2015,credimi,"381,830","11,301,520",financial services
germany,8,133,2017,sirplus,"155,043","4,540,000",retail
the netherlands,6,31,2016,aihr | academy to innovate hr,"125,682","3,584,553",education
luxembourg,9,27,2015,logistics capital partners (lcp),"7,403,458","210,563,743",property
germany,2,10,2017,südwest invest,"210,820","5,820,402",property
france,7,7,2000,corade (plurimmo),"2,039,961","56,018,731",property
spain,4,5,2006,carranco,"155,310","4,176,440",food & beverage
poland,10,50,2014,telemedi,"182,100","4,452,513",health
germany,22,56,2014,inkitt,"229,713","5,926,970",technology
italy,1,2,2016,h.k.trading,"225,380","5,721,590",retail
uk,16,124,2015,attest,"194,090","4,864,178",technology
france,na,11,2016,lgm immobilier,"101,311","2,549,778",property
the netherlands,7,29,2017,wolfram chain*,"100,711","2,431,371",management consulting
germany,3,38,2017,rightnow,"379,771","8,951,132",technology
uk,7,63,2014,eo charging,"757,323","17,158,962",technology
italy,2,9,2013,chetariffa.it,"110,200","2,495,860",support services
uk,26,90,2017,simply,"744,092","16,483,836",financial services
uk,24,187,2015,salary finance,"387,995","8,593,220",fintech
sweden,2,10,2017,dbt,"179,204","3,837,994",fintech
poland,15,140,2016,tutlo,"388,565","7,778,203",education
france,4,27,2013,ponera,"1,186,853","25,901,607",ecommerce
greece,0,2,2014,active energy solutions,"640,056","13,312,033",energy
france,2,8,2012,acteam enr,"103,240","2,133,691",energy
uk,8,70,2015,everflow,"3,188,715","64,223,085",technology
uk,1,1,2016,azure prism,"238,216","4,752,777",retail
germany,2,7,2017,wr logistics,"585,280","11,662,200",transport
uk,14,61,2011,iproov,"376,519","7,435,887",technology
italy,1,5,2017,spin up,"203,950","4,009,330",advertising
germany,4,16,2012,begreat,"270,090","5,141,555",retail
italy,2,17,2017,tsunami nutrition*,"369,000","6,945,000",ecommerce
the netherlands,2,6,2016,matt sleeps,"535,070","9,789,240",interiors
uk,28,138,2013,tessian,"858,482","15,365,580",technology
germany,98,369,2016,solarisbank,"2,007,000","35,938,000",financial services
france,2,21,2016,m2dg (myflexoffice),"375,323","6,630,617",support services
italy,2,11,2004,eukon,"362,320","6,393,680",health
italy,3,13,2016,evolution adv,"805,870","14,175,780",advertising
spain,47,274,2001,making science,"3,306,795","57,670,541",technology
italy,45,207,2014,everli,"6,287,460","109,248,030",ecommerce
finland,12,73,2014,appfollow,"128,176","2,210,636",technology
poland,40,190,2013,synerise,"255,062","3,999,023",technology
poland,4,8,2010,chaikola,"330,763","5,158,786",food & beverage
germany,4,12,2015,scolution,"107,492","1,825,546",technology
france,3,15,2017,jl&p,"131,164","2,212,606",energy
italy,8,50,2017,efarma.com,"1,199,580","20,150,800",pharmaceuticals
uk,22,138,2013,elvie,"2,474,341","40,813,930",technology
italy,1,5,2010,farmarelax,"270,750","4,459,170",personal & household goods
uk,20,99,2008,omnisend,"742,746","11,761,268",technology
italy,1,5,2017,world trade group,"314,150","4,897,950",fashion
france,2,32,2016,besteam conseil,"249,176","3,871,782",technology
uk,5,96,2016,motorway,"320,411","4,838,407",automobiles
germany,0,26,2014,iso public services,"672,821","10,019,903",technology
uk,106,918,2015,octopus energy,"145,398,192","2,120,071,949",energy
uk,8,82,2017,cyberiam*,"387,161","5,639,335",cyber security
italy,2,17,2017,cbweed*,"245,000","3,500,000",personal & household goods
portugal,18,46,2015,catraport,"518,613","7,294,549",automobiles
france,13,106,2016,ouihelp,"262,421","3,686,617",support services
denmark,33,67,2013,inpay,"1,702,000","23,803,000",fintech
italy,4,10,2017,m.g.i. meccaniche generali irpine,"188,680","2,610,700",industrial goods
uk,7,80,2016,glencar construction,"7,930,094","107,860,442",construction
uk,9,23,2010,qmee,"925,527","12,571,314",technology
italy,1,10,2015,myappfree,"422,420","5,764,870",advertising
germany,8,55,2014,investa dienstleistungen,"159,707","2,176,136",support services
sweden,19,58,2014,polarium energy solutions,"5,581,858","74,065,413",batteries
italy,4,5,2016,baroni home,"113,072","1,531,358",ecommerce
uk,6,45,2013,dayshape,"247,465","3,320,479",technology
italy,3,8,2016,marketers company,"139,300","1,880,460",advertising
spain,2,5,2017,easo magno,"228,076","3,061,854",beauty
germany,1,10,2016,greyfood,"684,874","9,187,050",retail
uk,3,9,2016,misfits health,"171,057","2,266,155",food & beverage
france,1,5,2010,meilleursbiens.com,"291,481","3,864,176",property
uk,5,36,2011,fasanara capital,"882,099","11,527,860",financial services
cyprus,44,122,2015,ntechlab,"664,000","8,730,000",technology
italy,2,5,2016,babylino sensitive,"217,460","2,851,840",personal & household goods
the netherlands,24,54,2012,fastned,"530,667","6,890,000",technology
portugal,2,6,2009,oxray,"427,339","5,465,756",health
germany,3,4,2017,zega invest,"299,598","3,785,340",property
hungary,2,7,2016,abylon consulting,"159,128","1,721,315",technology
norway,20,77,2005,milrab,"6,753,191","79,302,201",ecommerce
belgium,7,55,2015,urbantz,"242,368","3,031,099",technology
uk,6,32,2017,tricas construction,"1,281,462","15,880,745",construction
italy,6,10,2017,florence one,"131,691","1,629,099",technology
germany,8,35,2014,ergotopia,"620,283","7,664,825",retail
hungary,5,17,2011,mcule.com kft.,"252,713","2,683,264",chemicals & pharmaceuticals
italy,9,18,2014,filo,"815,690","10,049,610",technology
italy,4,11,2014,homepal,"130,290","1,603,990",property
germany,55,310,2014,staffbase,"2,201,178","26,894,501",technology
france,2,4,2016,ilon materiel,"207,327","2,512,300",construction
ireland,7,25,2014,bio-marine,"133,200","1,612,837",personal & household goods
france,2,18,2016,isodeco,"241,411","2,906,133",construction
italy,18,42,2010,treedom,"560,150","6,709,720",support services
germany,3,20,2016,fenstermaxx24,"712,855","8,466,121",retail
germany,7,31,2017,pohl & söhne gerüstbau,"180,824","2,124,763",construction
france,3,13,2013,yso corp,"570,012","6,689,503",media
italy,2,10,2017,gyada cosmetics,"156,130","1,830,610",beauty
uk,47,190,2014,privitar,"855,321","9,923,965",technology
uk,1,25,2015,delineate,"288,095","3,332,661",technology
poland,75,563,2016,spyrosoft,"2,326,082","24,721,755",technology
slovakia,6,37,2014,bio energy solutions,"1,383,205","16,006,537",waste management & recycling
italy,2,51,2015,increso,"281,000","3,230,000",management consulting
italy,1,46,2016,lsg - logistic & service group,"777,410","8,873,180",transport
sweden,19,125,2015,energihem,"2,527,006","28,004,684",construction
uk,48,164,2012,amity,"522,712","5,743,440",technology
germany,4,43,2014,goyago,"337,525","3,729,920",retail
france,23,140,2016,la regie de portage salarial,"692,440","7,638,731",support services
denmark,5,15,2007,dall energy,"551,000","6,013,000",energy
germany,5,44,2014,appinio,"330,500","3,597,000",technology
italy,14,33,2015,pinsami,"455,000","4,892,000",food & beverage
france,1,1,2013,aer trading,"1,643,572","17,575,388",retail
france,1,4,2014,valumen,"205,554","2,196,424",support services
france,4,14,2016,follow,"643,299","6,844,818",advertising
germany,4,173,2016,darpdecade,"628,384","6,624,660",retail
estonia,399,1798,2013,bolt,"21,098,843","221,393,889",technology
italy,2,5,2014,kiteworldshop.com,"160,539","1,671,984",ecommerce
germany,10,19,2006,peter kenkel,"2,131,000","22,137,000",retail
denmark,32,292,2014,templafy,"1,521,010","15,486,451",technology
italy,17,99,2014,comservice,"194,780","2,016,300",support services
italy,1,5,2017,falcor presse,"291,720","2,996,770",industrial goods
the netherlands,8,40,2017,roomraccoon,"167,000","1,715,334",technology
spain,37,95,2013,signaturit,"552,355","5,639,953",technology
uk,31,191,2015,modulr,"1,269,382","12,789,098",fintech
germany,17,63,2012,profishop,"4,340,517","43,812,068",ecommerce
the netherlands,2,15,2015,floer,"249,975","2,520,013",interiors
italy,4,12,2011,audiosalus,"156,300","1,569,480",retail
uk,2,26,2016,statsbomb,"204,620","2,027,170",technology
italy,2,8,2013,theras biocare,"2,693,390","26,633,230",pharmaceuticals
uk,32,61,2016,stenn,"3,058,141","29,615,571",fintech
hungary,30,180,2012,nanushka,"2,456,563","20,825,934",fashion
germany,10,60,2016,dpm - deutsches personal management,"230,800","2,267,760",support services
uk,84,243,2013,monese,"1,870,109","18,196,451",fintech
spain,40,288,2005,arquimea,"7,450,099","72,044,361",technology
france,4,18,2013,groupe perspective,"280,390","2,709,000",education
sweden,37,155,2014,funnel,"1,217,338","11,499,031",technology
germany,5,49,2015,living quarter,"529,371","5,016,731",health
sweden,38,287,2013,svea solar,"7,177,912","66,146,911",energy
ireland,6,16,2016,bevcraft group,"429,505","4,046,859",food & beverage
uk,767,932,2013,learning technologies group,"2,096,570","19,446,429",technology
italy,2,9,2014,cura farma,"479,290","4,436,220",health
lithuania,2,7,2013,kamado bono,"735,758","6,801,734",personal & household goods
spain,3,47,2007,sipadan,"374,200","3,457,203",management consulting
czech republic,18,45,2013,dateio,"530,785","4,710,733",fintech
germany,4,16,2016,crest investment,"533,144","4,857,817",property
italy,2,19,2017,componenti digitali,"308,810","2,805,850",retail
germany,3,6,2006,immo-konzepte,"252,871","2,269,276",property
denmark,3,41,2014,swipbox,"1,052,796","9,391,760",technology
sweden,9,85,2015,nextory,"3,046,667","26,534,087",media
poland,32,176,2016,itds polska,"1,057,443","8,609,941",technology
italy,4,5,2015,savait,"237,410","2,108,040",ecommerce
spain,3,18,2015,adpone,"1,255,372","11,124,512",advertising
lithuania,350,1000,2012,nord security,"18,035,029","156,623,915",cyber security
the netherlands,25,226,2012,mews,"2,531,000","22,386,000",technology
spain,9,35,2015,titulae,"551,128","4,870,863",education
ireland,5,40,2016,systeme.io,"273,552","2,407,982",ecommerce
greece,20,30,2003,eodh sa,"299,988","2,597,612",aerospace & defence
italy,2,5,2015,multix solutions,"1,340,430","11,586,460",health
france,2,12,2016,b2digit,"228,982","1,978,128",technology
uk,5,47,2015,a million ads,"570,564","4,882,837",advertising
the netherlands,5,25,2013,woodwatch,"651,170","5,590,390",retail
france,3,12,2010,fenêtres du doubs,"262,280","2,238,347",construction
germany,3,65,2016,koesea,"400,000","3,400,000",construction
italy,14,38,2011,podium advanced technologies,"2,133,310","18,025,740",automobiles
croatia,109,166,2010,spegra,"2,025,879","17,059,791",construction
spain,18,117,2013,gpainnova,"1,815,680","15,245,617",industrial goods
italy,4,23,2016,soluzione tasse,"2,264,940","18,939,430",management consulting
germany,2,15,2016,velocultour,"295,731","2,458,500",retail
hungary,2,7,2011,butorpiac.hu,"305,268","2,184,336",ecommerce
czech republic,8,44,2016,success solutions,"327,218","2,633,664",technology
denmark,1,1,1989,bug bite thing europe,"191,679","1,577,878",health
estonia,4,24,2015,dexatel,"1,349,733","11,087,980",technology
italy,1,6,2015,gemco,"481,510","3,941,900",construction
france,n/a,n/a,2015,lyonnaise de construction et renovation,"812,371","6,640,842",construction
uk,204,702,2012,gousto,"26,112,757","210,945,370",food & beverage
uk,4,6,2010,winter in venice,"1,575,522","12,682,062",beauty
germany,18,72,2007,infratech bau,"7,415,334","60,067,088",construction
italy,3,46,2016,4streets building innovation tunnels bridges roads,"833,230","6,739,630",construction
uk,31,95,2013,landbay,"1,119,178","8,980,496",fintech
sweden,3,18,2012,degoo,"249,818","1,973,775",technology
germany,52,320,2016,franco fresco,"6,280,267","50,723,858",food & beverage
uk,25,84,2014,lendable,"5,026,349","40,305,193",fintech
germany,2,6,2014,ulrich müller wealth academy,"440,369","3,516,744",education
germany,19,84,2012,cerascreen,"1,315,000","10,499,782",health
france,24,43,2011,eqinov,"8,811,708","70,183,744",energy
italy,7,12,1996,serre famiglia pederiva viticoltori dal 1958,"1,134,730","9,022,020",food & beverage
uk,68,170,2013,bloom & wild,"19,757,296","155,595,726",ecommerce
germany,9,29,2016,bräutigam,"796,207","6,315,124",automobiles
finland,1,7,2006,newil & bau,"2,448,858","19,420,672",construction
spain,271,411,2015,id finance,"13,157,000","103,634,000",fintech
sweden,74,600,2014,kry,"10,152,222","77,764,611",health
italy,4,25,2015,sixth sense,"500,440","3,916,570",technology
italy,7,19,2014,nethive,"506,730","3,960,770",cyber security
uk,3,8,2016,latitude investment management,"225,964","1,750,466",financial services
sweden,10,68,2015,qred,"3,989,355","30,414,122",fintech
germany,15,55,2016,oculavis,"504,357","3,924,472",technology
italy,5,30,2015,the information lab,"548,180","4,253,110",technology
germany,6,10,2015,md sonnenschutztechnik,"524,750","4,068,621",construction
croatia,7,43,2017,syntio,"274,966","2,127,532",technology
denmark,3,13,2016,bomae,"214,713","1,662,487",financial services
uk,6,18,2014,gophr,"755,191","5,738,336",technology
germany,20,110,2012,memory pc,"7,522,000","57,375,000",retail
germany,2,6,2017,sollis solargroßhandel,"1,556,607","11,860,100",retail
greece,37,123,2015,spotawheel,"2,058,315","15,646,588",automobiles
uk,18,83,2012,ooni pizza ovens,"8,508,398","63,879,414",personal & household goods
germany,10,35,2015,robovox distributions,"2,570,000","19,427,000",retail
uk,92,650,2000,centralnic group,"26,626,422","197,260,279",technology
germany,16,83,2003,bernd andert transporte,"546,226","4,105,262",transport
uk,16,18,2007,bluewater bio,"2,708,983","20,201,424",technology
italy,25,107,2012,tecma solutions,"975,140","7,319,870",technology
poland,21,48,2015,delante,"316,525","2,160,094",sales & marketing
germany,8,15,2015,intumind,"884,885","6,560,962",health
germany,10,15,2016,saljol,"559,778","4,146,403",health
germany,9,20,2014,tkd solutions,"2,146,950","15,874,245",telecoms
finland,5,15,2016,kuori,"340,000","2,501,902",technology
sweden,21,42,2010,ferroamp,"1,062,649","7,645,003",energy
uk,6,23,2016,valor real estate partners,"621,636","4,534,588",financial services
france,2,14,2013,anexiti,"350,019","2,565,735",technology
france,6,23,2017,genius,"330,522","2,417,902",support services
italy,3,31,2015,instilla,"410,520","2,993,310",advertising
spain,12,60,2012,footdistrict,"2,051,133","14,942,262",ecommerce
sweden,12,36,2012,spiideo,"674,805","4,799,358",technology
uk,14,118,2012,contractpodai,"670,685","4,875,622",technology
germany,5,15,2017,tarhan bauausführungen,"255,000","1,851,000",construction
uk,44,218,2010,matillion,"3,417,815","24,580,709",technology
germany,2,5,2017,extra mile live service,"364,485","2,637,501",retail
france,17,173,2013,littlebig connection,"15,653,388","111,538,883",support services
italy,15,50,2011,spc general service,"954,700","6,788,660",construction
spain,156,801,2008,jobandtalent,"49,833,511","352,879,165",technology
uk,14,20,2016,financial house,"2,669,247","18,766,625",fintech
poland,8,42,2013,mylead,"309,471","2,004,501",sales & marketing
italy,15,74,2016,mia-platform,"923,730","6,515,510",technology
italy,20,32,1976,tecnimed,"1,354,980","9,551,790",health
uk,5,22,2015,longevity partners,"335,460","2,336,243",retail
italy,56,345,2015,nexumstp,"3,659,630","25,667,400",management consulting
france,3,16,2016,g-on,"259,342","1,810,459",support services
uk,3,10,2016,picnic,"219,999","1,508,869",advertising
italy,2,36,2012,egomnia,"276,750","1,901,140",technology
uk,10,40,2012,loyaltylion,"657,382","4,483,296",technology
norway,22,142,2016,remarkable,"18,106,514","115,793,390",technology
uk,119,673,2016,kubrick,"4,829,922","32,614,354",management consulting
italy,7,35,2012,contrader,"688,860","4,682,960",technology
germany,39,89,2008,samont,"2,880,891","19,577,339",industrial goods
italy,1,5,2017,sirive,"667,170","4,527,690",construction
spain,10,15,2014,multienergia verde,"21,640,253","146,453,604",energy
belgium,1,6,2013,wielandts upmt,"226,295","1,529,270",technology
sweden,4,13,2015,asket,"991,534","6,525,278",fashion
czech republic,10,45,2015,central warehouse solution,"274,790","1,788,545",transport
italy,2,21,2015,chef in camicia,"310,810","2,071,960",advertising
uk,9,28,2015,piper homes,"4,601,266","30,436,232",construction
spain,12,33,2014,alturas cubiertas y fachadas,"1,411,811","9,375,243",construction
germany,2,11,2015,autosalon uhingen,"1,587,500","10,540,000",automobiles
france,1,5,2013,yumi beauty,"404,819","2,678,257",chemicals & pharmaceuticals
france,2,7,2016,for me lab,"251,795","1,652,073",ecommerce
sweden,7,25,2015,stockholms elbolag,"5,033,032","32,265,912",energy
germany,21,84,1999,flohr,"3,241,629","21,249,638",waste management & recycling
italy,1,4,2008,agricodem,"436,610","2,856,530",agricultural commodities
germany,14,80,2005,dach schutzbekleidung,"6,936,038","45,227,730",industrial goods
germany,7,16,2017,em-tec energiemontagen,"461,000","3,002,729",construction
romania,8,9,2014,wave studio,"656,172","4,105,688",technology
croatia,3,17,2013,bazzar,"1,034,093","6,686,617",retail
the netherlands,10,43,2015,cybersprint,"449,771","2,914,738",cyber security
italy,19,34,2012,brandon group,"4,954,590","32,039,000",ecommerce
germany,1,13,2014,feiniko handelsgesellschaft,"4,979,484","32,168,909",retail
italy,2,21,2015,pharmagrin,"422,610","2,701,410",health
czech republic,1,3,2016,life m,"322,050","2,001,844",technology
portugal,5,16,2012,plásticos dão / sacos & saquetas,"304,833","1,946,703",industrial goods
germany,19,70,2010,logipal24,"789,058","4,967,568",transport
the netherlands,23,22,2012,pastbook,"5,361,088","33,651,532",technology
uk,6,21,2013,bluefin,"4,653,721","28,993,287",ecommerce
uk,4,18,2016,milk & honey pr,"245,974","1,528,900",sales & marketing
france,70,220,1990,prodeval,"11,756,712","73,514,217",energy
finland,23,110,2013,virta,"1,765,457","11,029,402",technology
italy,4,28,2015,bizaway,"318,940","1,989,950",travel & leisure
france,2,6,2015,karl & léon,"385,266","2,391,019",retail
uk,39,80,2001,identity,"3,733,539","22,885,804",management consulting
hungary,4,55,2016,blackbelt holding,"923,000","5,695,000",technology
france,1,13,2010,dynveo,"598,678","3,687,780",retail
czech republic,7,29,2016,favi,"4,174,549","24,995,030",ecommerce
finland,4,27,2016,hopkins,"737,936","4,534,346",sales & marketing
italy,3,7,2016,ap italian luxury,"698,300","4,283,930",fashion
uk,20,45,2015,novicap,"551,848","3,383,802",fintech
italy,1,5,2013,iglm store,"1,277,410","7,790,420",ecommerce
germany,8,41,1999,luis technology,"1,644,899","10,000,511",technology
uk,55,275,2016,quantexa,"5,643,295","33,902,755",fintech
italy,9,37,2014,enerbrain,"685,370","4,131,370",energy
germany,7,28,2013,brinckmann,"1,002,579","6,037,461",construction
italy,6,12,1982,lmg building,"1,043,440","6,255,970",construction
norway,12,33,2013,nordic unmanned,"1,122,907","6,305,237",aerospace & defence
france,2,6,2017,hemisphere,"1,091,925","6,484,822",property
germany,23,87,2017,therapiezentrum.com nw,"492,860","2,916,337",health
uk,39,82,2010,beauhurst,"916,511","5,355,215",technology
romania,43,49,2017,c.u.n. cargo carriers,"1,207,613","7,103,702",transport
italy,23,34,2016,mg project,"1,396,400","8,208,450",telecoms
germany,3,6,2015,bonmea,"2,484,783","14,597,418",retail
italy,2,6,2007,oceanis yachts,"521,250","3,059,130",travel & leisure
france,2,8,2016,opus db,"2,076,139","12,171,118",construction
france,9,27,2013,devensys cybersecurity,"580,644","3,403,055",technology
cyprus,25,104,2016,project agora,"3,380,420","19,798,875",advertising
germany,5,19,2012,bettertrust,"853,561","4,981,938",advertising
italy,3,10,2014,banale,"352,000","2,051,370",ecommerce
the netherlands,5,17,2013,maatwerk online,"287,985","1,673,382",sales & marketing
france,1,6,2011,les constructeurs du bois,"877,275","5,087,783",property
italy,6,10,2013,esserre pharma,"441,260","2,556,640",pharmaceuticals
uk,8,18,2014,onbuy.com,"473,344","2,720,319",ecommerce
france,27,108,2015,gojob,"7,007,000","40,546,000",support services
germany,6,10,2016,newroom,"638,739","3,669,217",retail
italy,3,9,2016,christmas the original,"347,190","1,994,200",retail
germany,5,16,2016,dimaxbau,"349,641","2,003,989",construction
germany,2,9,2013,comnovis it,"332,372","1,900,000",technology
germany,4,8,2016,die direktkontakter,"493,000","2,818,000",support services
italy,30,400,2010,mega trasporti,"3,185,180","18,168,170",transport
france,9,40,2014,lehibou,"2,423,113","13,816,792",technology
italy,3,13,2014,stufe a pellet italia,"631,500","3,598,050",interiors
uk,31,46,2012,aquis exchange,"2,267,165","12,824,155",financial services
uk,8,50,2015,chattermill,"408,336","2,306,045",technology
germany,10,45,2016,schönertel,"2,884,392","16,388,546",construction
italy,8,57,2011,global work,"558,820","3,174,000",telecoms
germany,1,9,2012,allygatr,"338,300","1,914,500",support services
uk,3,14,2013,cru wine,"1,644,134","9,235,946",food & beverage
italy,5,8,2004,abc rent,"3,878,370","21,818,000",automobiles
uk,20,57,2011,superior wellness,"9,719,653","54,150,622",personal & household goods
austria,3,12,2016,schrott24,"2,610,679","14,641,523",waste management & recycling
italy,3,14,2017,mazzoni etech,"419,240","2,344,440",industrial goods
france,4,6,1996,berdugo immobilier,"2,696,485","15,049,845",property
lithuania,9,37,2016,nova rent,"1,600,000","8,900,000",industrial goods
czech republic,13,38,2013,rouvy,"751,071","4,058,269",games industry
italy,3,4,2015,business analysis & legal expertise - b.a.l.e.,"532,690","2,943,020",management consulting
poland,172,381,2000,jmb,"12,709,000","70,179,000",energy
france,2,13,2016,nocnoc,"289,766","1,596,167",travel & leisure
uk,5,33,2013,crowdproperty,"539,486","2,941,537",fintech
france,4,42,2015,tutos’me,"910,963","4,989,872",education
italy,4,10,2011,studio eko’,"318,370","1,740,660",management consulting
uk,2,7,2010,beings,"348,129","1,881,768",technology
poland,3,6,2013,dmrgroupltd.com,"1,418,769","7,050,124",chemicals & pharmaceuticals
uk,35,119,2014,ice telecommunications ltd,"2,982,238","16,067,551",telecoms
italy,18,95,2012,gallas group,"856,790","4,640,710",support services
italy,4,10,2010,etracom,"4,253,600","22,952,660",ecommerce
uk,38,88,2015,xalient,"4,893,654","26,199,717",technology
italy,5,n/a,2009,labevolution,"1,349,250","7,264,130",health
italy,9,20,2015,kuadra,"635,400","3,400,580",interiors
spain,3,8,2014,kyo electric,"1,013,181","5,402,302",telecoms
uk,13,32,2012,sopost,"1,481,398","7,825,138",technology
italy,7,44,2016,s.f.r.e.,"564,910","3,004,290",construction
germany,60,262,2012,sportstech,"20,436,426","108,500,233",retail
france,40,98,2014,opéra energie,"2,127,151","11,218,211",energy
uk,28,76,2010,routenote,"7,339,330","38,428,858",technology
uk,26,40,2016,doctify,"461,671","2,409,255",health
uk,30,67,2008,fruugo,"4,176,347","21,793,194",ecommerce
germany,7,15,2012,insidemarketing,"569,646","2,971,846",technology
italy,2,11,2013,falzi,"391,540","2,037,320",waste management & recycling
spain,62,504,2015,atrys health,"6,035,116","31,396,438",health
italy,1,4,2016,il cantiere costruzioni,"826,430","4,297,790",construction
germany,13,22,2004,soorce,"3,013,629","15,639,618",support services
belgium,26,85,2013,sortlist,"655,000","3,396,000",technology
poland,90,234,2010,virtuslab,"2,635,420","12,468,548",technology
sweden,5,16,2012,skalhuset.se,"1,454,711","7,342,811",ecommerce
germany,6,26,2013,vipino,"2,148,122","11,067,681",retail
italy,30,133,2015,gea service,"1,304,060","6,673,050",waste management & recycling
italy,12,62,2016,gellify,"1,090,920","5,581,540",technology
uk,42,92,2014,billion dollar boy,"2,577,297","13,085,484",advertising
italy,19,58,2014,westrafo,"4,356,500","22,072,700",energy
the netherlands,10,21,2015,goboony,"340,309","1,718,442",travel & leisure
italy,60,180,2016,multiservice ambrosiana,"846,360","4,266,770",support services
germany,16,65,2016,b&c systems,"1,061,327","5,339,538",construction
bulgaria,31,10,2014,s&g solar,"792,093","3,980,920",energy
romania,40,120,2007,bittnet,"4,641,712","22,436,395",management consulting
belgium,47,204,2013,ibanfirst,"2,408,187","12,062,697",fintech
germany,20,46,2013,uplink network,"5,629,906","28,140,196",telecoms
france,6,25,2015,base organic food,"2,163,006","10,802,997",agricultural commodities
uk,20,74,2009,currentbody,"7,671,961","38,002,441",ecommerce
uk,1,6,2016,apex aero,"770,031","3,812,785",aerospace & defence
poland,25,59,2016,startup development house,"303,615","1,514,111",technology
italy,8,806,2010,gruppo gheron,"11,728,040","58,422,800",health
italy,5,30,2016,dyflowing,"341,370","1,696,320",technology
germany,22,40,2016,digital masters,"608,053","3,019,110",advertising
germany,3,17,2017,prusseit auto-outlet,"520,998","2,576,602",automobiles
norway,30,72,2002,techouse,"6,863,940","31,852,584",energy
italy,3,8,2016,svs,"1,965,560","9,694,310",construction
uk,18,86,2017,telcoswitch group,"1,543,824","7,519,236",telecoms
germany,3,8,2017,bothe-reimann tortechnik,"464,354","2,277,791",construction
italy,8,12,2012,e-pol / personalizzalo,"3,284,400","16,089,160",ecommerce
spain,3,18,2016,riluxa,"700,007","3,428,464",interiors
france,6,8,2002,modalis,"3,915,724","19,169,652",transport
france,8,27,2016,olympp,"1,127,652","5,512,134",technology
germany,4,25,2013,zeck fishing,"1,401,463","6,806,664",retail
bulgaria,16,25,2011,storpool storage,"681,460","3,306,191",technology
germany,72,164,2013,vimcar,"3,035,269","14,674,011",technology
france,5,8,2011,joannes distribution sas,"1,468,200","7,064,900",retail
france,8,30,2011,sourcing force,"2,663,699","12,806,965",technology
germany,16,60,2000,schalttechnik nord,"2,601,157","12,489,032",technology
germany,5,27,2015,dgc,"329,298","1,577,296",cyber security
france,28,202,2013,superprof,"2,136,626","10,168,214",education
uk,12,48,2011,improveasy,"5,602,132","26,446,798",management consulting
france,8,30,2014,viaréno,"1,459,655","6,937,737",construction
slovakia,10,19,2013,cmt,"411,858","1,951,232",waste management & recycling
poland,31,97,2014,rets,"1,201,964","5,206,032",property
uk,33,104,2007,mubi,"3,954,351","18,356,623",media
italy,3,27,2001,dynamicom education,"1,906,790","9,018,160",education
slovakia,25,47,2015,touch4it,"437,747","2,064,141",technology
italy,4,8,1986,tattahome.com,"595,800","2,800,000",interiors
uk,37,90,2006,speechmatics,"1,541,070","7,161,145",technology
spain,20,118,2012,samy road,"4,163,750","19,458,114",advertising
italy,6,9,2006,prometeo,"766,510","3,580,500",support services
uk,65,260,2015,dialectica,"3,688,264","17,078,846",management consulting
uk,32,62,2009,wolf & badger,"2,508,842","11,604,670",ecommerce
france,28,94,2009,eco co2,"1,982,251","9,220,216",support services
hungary,3,20,2011,lakógép kft.,"6,328,462","25,335,854",construction
germany,9,20,2017,beyer betonwaren,"443,694","2,062,749",construction
france,12,42,2011,fill up média,"1,081,079","4,999,802",media
italy,4,6,1984,zara imballaggi fabriano,"496,790","2,297,210",industrial goods
poland,744,1177,1994,cd projekt,"110,835,763","468,257,487",games industry
germany,1,10,2015,vpace bikes,"573,145","2,643,580",retail
spain,0,6,2014,tooltester,"790,712","3,646,507",sales & marketing
estonia,2,7,2015,bunker partner,"22,060,642","101,726,265",energy
france,40,130,2006,tikamoon,"12,200,275","56,122,322",ecommerce
croatia,10,8,2013,s.t.a.r. digital,"699,907","3,211,868",advertising
uk,29,62,2011,funding options,"1,297,717","5,922,043",fintech
italy,8,14,2014,isimed,"1,050,660","4,828,920",health
switzerland,50,195,2008,"sonar, sonarqube, sonarcloud, sonarlint","16,861,349","83,632,640",technology
germany,4,30,2016,scherer,"934,994","4,285,766",support services
italy,14,24,2002,mycroclean italia,"736,000","3,366,730",support services
italy,8,16,2015,piscor,"1,061,360","4,842,410",ecommerce
italy,1,3,2016,marwincar,"1,114,200","5,083,140",automobiles
uk,288,1038,1993,brighton & hove albion football club,"32,824,451","148,505,285",travel & leisure
bulgaria,5,60,2015,inpe transport,"398,676","1,816,274",transport
poland,266,773,2013,rtb house,"45,981,552","191,601,076",technology
france,27,38,2010,obiz,"3,389,300","15,377,000",media
italy,33,70,2012,vmway,"3,525,720","15,901,220",technology
poland,8,12,2009,legimi,"1,698,358","7,007,093",media
germany,5,11,2011,msg beauty,"645,633","2,910,737",retail
germany,4,11,2014,leogra trading,"1,128,243","5,078,464",retail
italy,10,32,2012,benefind,"505,520","2,262,490",technology
italy,5,13,2017,ab oil & gas service,"516,640","2,310,000",support services
spain,14,23,2013,mailtrack,"775,341","3,445,698",technology
uk,15,33,2013,bumper,"771,504","3,394,214",fintech
germany,22,46,2015,otl - online trainer,"1,492,190","6,607,564",health
italy,9,17,2014,macingo technologies,"361,790","1,601,000",support services
germany,120,210,2014,mycs,"8,935,361","39,355,846",retail
germany,23,92,2008,audience serv,"1,389,534","6,107,018",advertising
italy,4,8,2012,start,"857,590","3,769,100",telecoms
the netherlands,8,29,2010,mvh media,"544,943","2,391,654",sales & marketing
france,1,2,2010,pure gaming,"1,593,667","6,984,956",ecommerce
uk,4,8,1998,parcel compare,"2,091,995","9,085,936",transport
italy,71,81,1979,ames centro polidiagnostico strumentale,"9,235,130","40,391,360",health
italy,1,6,2016,arcadia italia,"743,130","3,249,140",energy
uk,16,43,2016,zia lucia,"1,119,494","4,853,930",restaurants
italy,16,37,1952,travaglini costruzioni,"1,062,010","4,603,740",construction
spain,10,81,2008,versa design zycle,"2,199,640","9,501,888",technology
germany,5,15,2016,maucher consult,"452,091","1,952,000",construction
italy,51,137,2015,ayes,"2,510,930","10,827,070",technology
italy,1,5,2016,brandup group,"630,660","2,718,640",advertising
italy,11,19,2012,opyn,"969,930","4,168,220",financial services
uk,4,8,2014,var capital,"499,815","2,132,001",financial services
uk,9,25,2017,storyterrace,"667,467","2,843,048",technology
slovenia,8,22,2009,blubit,"691,140","2,964,852",technology
france,9,9,2014,zen’up,"441,271","1,891,361",insurance
germany,17,25,2001,lörcher bauunternehmen,"917,735","3,932,792",construction
the netherlands,23,62,2010,barcode architects,"1,134,256","4,851,997",architecture
france,9,27,2002,top chaleur,"1,702,165","7,260,096",retail
italy,52,160,1999,seingim,"3,163,540","13,479,380",construction
uk,21,49,2008,amphibian scaffolding,"948,813","4,011,415",construction
liechtenstein,205,551,2009,beliani,"20,298,288","93,438,770",ecommerce
sweden,17,45,2011,hatstore,"4,195,789","17,453,187",ecommerce
italy,19,27,2006,carpenteria martino,"2,286,000","9,719,750",construction
uk,61,147,2012,capitalontap,"19,489,369","82,238,372",fintech
poland,199,637,2008,netguru,"8,933,769","34,677,235",technology
italy,6,7,2014,fazio,"799,170","3,375,810",retail
germany,37,84,2010,grillfürst,"9,145,411","38,599,408",retail
italy,14,18,2017,dealernet,"5,394,020","22,704,300",automobiles
germany,14,57,2013,alpha real estate,"28,378,990","119,161,137",property
belgium,12,74,2013,appwise,"1,084,812","4,546,110",technology
greece,17,55,2014,convert group,"666,118","2,789,489",technology
sweden,17,65,2013,revolution race,"21,841,341","89,332,521",ecommerce
france,11,40,2009,gong galaxy,"2,708,258","11,320,706",retail
italy,8,8,2011,gdr costruzioni,"376,440","1,573,480",construction
italy,1,4,2015,emporio elettrico,"473,640","1,979,050",ecommerce
uk,15,87,2012,exscientia ai,"2,606,296","10,807,048",technology
uk,128,324,2005,featurespace,"5,688,822","23,501,473",fintech
france,3,11,2016,xl energies,"2,013,403","8,358,760",energy
spain,20,43,2015,claveria,"1,137,450","4,715,363",support services
germany,3,4,2010,timberagents,"1,280,989","5,302,985",retail
france,2,30,2012,fermeture econ’home,"451,196","1,862,632",construction
sweden,20,70,2014,nrse,"815,449","3,268,813",management consulting
germany,16,21,2011,simwert,"6,450,759","26,386,701",telecoms
uk,2,24,2015,flex legal,"1,064,498","4,319,146",law
norway,15,41,2010,documaster,"868,552","3,328,791",technology
germany,1,4,2014,immo-team allgäu,"5,381,108","21,974,565",construction
germany,17,57,2014,creditshelf,"1,201,900","4,899,200",financial services
italy,7,10,2016,blife,"1,016,480","4,133,980",food & beverage
italy,9,18,2004,nohup,"1,177,860","4,785,480",technology
poland,17,56,2012,noctuai,"657,377","2,443,117",technology
germany,47,96,2013,ares,"3,450,000","14,000,000",industrial goods
uk,242,399,2000,moonpig group,"102,139,979","411,390,748",ecommerce
uk,15,22,2016,wealth club,"1,685,348","6,774,867",financial services
france,4,25,2016,factory,"3,119,000","12,609,000",property
spain,2,6,2016,beck ingredients,"1,865,319","7,532,293",health
hungary,3,3,2010,mentors & partners group,"524,552","1,822,227",management consulting
the netherlands,4,9,2011,sb supply,"1,081,844","4,363,977",ecommerce
czech republic,8,24,2015,mediaboard,"572,798","2,243,594",media
france,20,80,2012,dw trans,"2,357,096","9,485,173",transport
france,2,4,2006,nacelexpert,"679,247","2,727,392",industrial goods
germany,14,31,2015,keylight,"871,779","3,499,555",technology
italy,3,13,2011,technacy,"762,200","3,059,440",technology
france,12,25,2011,genoskin,"700,823","2,810,120",chemicals & pharmaceuticals
uk,12,21,2013,payment assist,"1,518,678","5,993,895",fintech
germany,14,65,2013,my boo,"1,184,000","4,706,000",retail
sweden,11,25,2012,84codes.com,"3,118,698","12,120,207",technology
germany,6,20,2013,klg liquida,"1,267,224","5,034,595",chemicals & pharmaceuticals
france,8,35,2011,ignimission,"574,323","2,280,542",technology
italy,4,7,2013,adamant bionrg,"29,718,000","117,997,000",energy
uk,2,5,2015,xplort,"571,513","2,252,358",interiors
uk,7,12,2010,bambridge accountants,"855,283","3,368,822",financial services
slovakia,7,13,2016,g2park,"732,924","2,902,148",property
italy,2,5,2014,pelizzari studio,"663,100","2,625,660",architecture
the netherlands,4,9,2014,postex,"1,334,213","5,248,908",technology
italy,5,5,2013,consorzio stabile ambientemilia,"2,492,730","9,752,760",waste management & recycling
italy,6,12,2016,yocabe’,"842,600","3,293,860",ecommerce
france,19,33,2012,chez nestor,"2,189,720","8,559,263",property
italy,2,9,2016,mint italia,"621,500","2,415,110",transport
the netherlands,27,233,2012,sendcloud,"21,052,232","81,775,452",ecommerce
italy,6,10,2008,datakey software engineering,"488,940","1,898,000",technology
romania,21,41,2015,metaminds,"8,605,113","32,103,084",cyber security
italy,11,29,2012,time vision,"721,090","2,793,340",education
germany,16,36,2013,werksräder24,"3,847,000","14,896,000",automobiles
uk,35,70,2008,fod mobility group,"3,465,675","13,309,945",technology
italy,10,60,2007,selferg,"531,960","2,050,130",energy
lithuania,45,94,2012,poppri fashion auctions,"3,386,414","13,028,856",ecommerce
uk,156,194,2008,vizion network,"30,862,156","117,817,156",automobiles
uk,27,66,2017,beyond law group*,"2,159,010","8,233,616",law
germany,13,14,2014,eda warehousing,"1,190,000","4,570,000",transport
germany,45,90,2013,bpv,"5,923,571","22,704,275",telecoms
france,29,81,2013,ultra premium direct,"5,422,583","20,779,890",agricultural commodities
spain,12,24,2013,afr-ix telecom,"2,593,649","9,933,867",telecoms
poland,28,44,2010,blue energy,"1,293,181","4,527,970",cyber security
france,5,15,2013,c’juste paris,"628,388","2,404,398",retail
france,13,44,2007,sos-accessoire,"3,848,262","14,690,408",ecommerce
germany,18,27,2017,hannes könig,"2,295,632","8,750,671",construction
germany,6,9,2007,zanatta media group,"2,202,906","8,383,859",advertising
uk,18,20,1997,wastepack,"5,924,389","22,373,295",waste management & recycling
italy,7,17,2010,radar consulting italia,"416,960","1,580,450",support services
france,32,53,2014,agriconomie,"9,838,779","37,248,117",agricultural commodities
spain,187,364,2014,anytech365,"4,985,758","18,743,704",technology
uk,4,12,2013,cladspray solutions,"499,484","1,863,819",construction
france,10,50,2015,im global partner,"8,392,541","31,463,692",financial services
italy,2,6,1983,confinvest,"10,982,110","41,130,000",precious metals
france,2,3,2012,ethic technology,"2,229,273","8,340,824",technology
italy,6,7,2001,bomax,"19,088,830","71,290,680",telecoms
germany,4,15,2017,kk-trade,"1,174,770","4,383,254",retail
germany,4,26,2015,marsapet,"1,061,642","3,960,200",retail
italy,8,16,2015,gruppo tera,"5,428,300","20,222,750",ecommerce
italy,7,14,2009,codiceplastico,"824,450","3,068,430",technology
romania,185,426,2005,tremend,"5,772,716","20,679,155",technology
spain,17,61,2010,doofinder,"1,771,758","6,590,434",technology
lithuania,80,780,2004,hostinger,"6,955,394","25,860,664",technology
switzerland,9,39,2013,catalyx,"1,627,160","6,540,543",sales & marketing
bulgaria,6,9,2016,harness code,"599,612","2,223,308",sales & marketing
italy,5,17,2014,nanoprom chemicals,"749,940","2,779,910",chemicals & pharmaceuticals
spain,27,49,2012,elite,"2,716,240","10,060,550",construction
poland,26,119,2012,appunite,"1,310,532","4,424,063",technology
france,2,7,2006,eskalia et nakupenda,"410,775","1,515,414",retail
germany,3,12,2006,lgx logistics,"2,191,733","8,070,059",transport
portugal,11,22,2015,polipop,"910,392","3,351,671",industrial goods
italy,1,10,2016,stampasi,"691,110","2,543,820",ecommerce
italy,45,67,1984,cam,"3,336,600","12,280,490",industrial goods
france,12,37,2012,plug in digital,"3,743,740","13,767,602",media
poland,82,241,2009,predica,"5,233,937","17,589,082",technology
spain,2,19,2009,ocean transport,"1,304,073","4,783,846",transport
uk,103,75,1997,serinus,"5,474,802","19,651,446",energy
germany,20,50,2009,demv deutscher maklerverbund,"1,375,943","5,012,841",financial services
spain,53,221,1996,sti norland,"54,990,779","199,822,150",energy
germany,27,76,2011,hd elektrotechnik,"1,158,042","4,207,672",technology
italy,1,9,2017,engenie group,"558,480","2,025,040",technology
france,25,64,2016,groupe n.a.t,"1,156,596","4,180,122",support services
italy,2,5,2015,la sarraz pictures,"419,430","1,513,710",media
germany,5,9,2016,smart-planet,"1,276,483","4,598,207",retail
italy,8,49,2015,sidea group,"674,560","2,429,590",management consulting
france,5,17,2004,couteaujaponais.com,"1,272,558","4,579,102",retail
france,20,58,2010,physidia,"4,656,191","16,746,545",health
germany,2,3,2013,horando deutschland,"2,257,390","8,111,269",retail
poland,22,79,2004,"diablochairs, jan nowak","6,549,376","21,520,495",ecommerce
sweden,16,28,2011,parkster,"15,711,602","55,139,984",technology
france,5,13,2015,biotyfull,"5,642,145","20,248,436",ecommerce
spain,14,51,2014,bioksan,"1,650,756","5,914,732",food & beverage
norway,37,118,1999,trippel,"910,070","3,057,807",support services
uk,15,32,2013,yourparkingspace limited,"3,904,618","13,863,431",technology
france,1,35,2012,carslift,"622,989","2,226,659",automobiles
germany,5,11,2009,zimmerei nordmann,"580,537","2,074,577",construction
germany,20,40,2015,si silicone innovation,"1,018,843","3,640,511",industrial goods
germany,8,12,2010,a.u.e. genc warenhandels-ug,"5,573,000","19,890,000",retail
italy,10,18,2010,mgvision,"1,127,170","4,010,560",advertising
italy,13,26,2015,new general service,"433,540","1,539,360",support services
france,15,41,2010,andre renovation,"3,266,703","11,594,389",construction
italy,10,14,2017,m.d.g. components unipersonale,"644,440","2,283,970",industrial goods
bulgaria,5,22,2011,amco-bulgaria,"1,778,274","6,298,606",retail
uk,16,39,2005,symprove,"3,498,275","12,298,843",personal & household goods
uk,10,22,2015,tecknuovo,"7,477,852","26,273,556",technology
france,62,217,2010,platform.sh,"6,242,232","22,077,678",technology
germany,5,46,2011,isg express logistik,"1,646,307","5,822,692",transport
italy,55,173,2008,manelli impresa,"12,259,540","43,355,980",construction
portugal,22,53,2009,sa formação,"1,031,733","3,647,652",education
germany,3,14,2015,sm sektmanufaktur,"681,652","2,408,586",industrial goods
germany,8,31,2011,beauty consult deutschland,"1,055,100","3,725,665",health
italy,5,8,1977,finauto,"3,350,270","11,789,870",automobiles
france,18,21,2009,aucoffre.com,"32,428,296","114,037,838",financial services
uk,37,46,2014,divido,"1,084,616","3,786,036",fintech
germany,6,17,2016,r&k ingenieure,"1,482,100","5,210,500",construction
uk,11,25,2011,nephos technologies,"5,031,697","17,559,447",technology
uk,8,15,2002,la vida,"2,178,629","7,572,128",support services
uk,4,12,2012,midstream lighting,"2,363,526","8,204,844",technology
france,2,2,2014,propulse it,"1,809,858","6,326,861",technology
spain,25,30,2012,additius santa maria,"9,100,083","31,757,362",agricultural commodities
france,3,15,2017,conexio telecom,"547,084","1,908,640",telecoms
germany,5,9,2012,tripin,"1,568,506","5,465,080",retail
hungary,4,9,1996,continental wood kft.,"910,973","2,724,073",industrial goods
italy,71,120,2008,geoteam,"2,195,780","7,623,730",energy
france,4,7,2014,leascorp,"5,325,214","18,481,247",financial services
uk,3,19,2014,positive healthcare,"1,954,609","6,731,831",management consulting
germany,4,8,2010,ralph schmolke,"658,317","2,281,929",retail
italy,2,10,2016,roomie milano,"1,079,340","3,728,920",property
romania,40,89,2007,trencadis corp,"6,137,755","20,410,511",technology
france,4,11,2016,worteks,"541,582","1,870,845",technology
france,27,74,2015,remove,"2,608,093","8,988,475",construction
czech republic,15,27,2006,citadelo,"452,557","1,556,521",cyber security
germany,13,26,2017,grill autoservice,"5,283,415","18,141,216",automobiles
spain,8,15,2013,inbrooll,"776,268","2,663,110",industrial goods
germany,3,4,2010,cross,"25,858,983","88,590,000",retail
italy,2,6,2010,b1gas s.p.a,"12,106,480","41,474,660",energy
italy,8,10,2009,filva,"1,808,710","6,188,900",construction
italy,2,6,2005,archingest,"1,030,000","3,515,000",construction
uk,51,124,2009,alpha fx group,"15,241,075","51,640,733",financial services
switzerland,7,50,2012,lemonads,"1,451,770","4,952,255",advertising
norway,71,213,2007,signicat,"13,309,441","42,514,150",technology
germany,41,55,1965,alfred döpker,"22,730,529","77,358,225",construction
germany,42,88,2001,bavaria-ei,"3,842,670","13,067,279",retail
lithuania,57,245,2015,oxylabs.io,"7,381,686","25,040,954",technology
germany,2,5,2014,a.s.h. automobile,"687,958","2,333,452",automobiles
hungary,18,57,2007,vascular,"9,987,236","29,099,679",health
france,30,57,2015,andjaro,"943,718","3,189,298",support services
germany,22,34,2013,röhrtaler wertstoff,"973,460","3,286,187",waste management & recycling
uk,6,7,2016,autel karnetic,"2,543,343","8,520,830",technology
italy,8,10,2013,discoup.com,"616,520","2,075,110",advertising
cyprus,52,85,2011,hellas direct,"10,247,832","34,488,971",insurance
germany,30,45,2009,herrles,"3,044,054","10,242,075",automobiles
austria,6,12,2016,investmentpunk academy,"947,000","3,179,000",education
germany,6,13,2015,born stahlbau,"1,351,164","4,527,093",industrial goods
germany,5,7,2016,rettel projektbau,"2,410,212","8,073,458",construction
italy,2,4,2005,suntronic,"700,960","2,347,320",energy
italy,6,42,2014,tmt,"3,811,838","12,763,524",industrial goods
germany,2,5,2015,gedankenburg,"881,275","2,950,010",advertising
sweden,6,16,2013,svop special vehicle operation,"1,385,662","4,526,309",automobiles
uk,132,415,2011,glenholme healthcare group,"4,476,517","14,845,073",health
france,230,720,2013,audensiel,"17,203,160","57,451,279",technology
spain,34,106,2011,ivnosys,"2,618,069","8,743,069",technology
spain,30,45,2012,mulconsa,"2,002,982","6,687,402",construction
germany,14,54,2004,50nrth,"10,518,963","35,107,348",retail
croatia,6,10,2008,delecto,"793,957","2,649,288",retail
poland,7,47,2015,mardruk opakowania,"1,058,063","3,226,645",industrial goods
france,15,40,2012,manang,"1,862,272","6,205,559",construction
germany,21,27,2011,bestbion dx,"4,461,170","14,863,628",health
uk,7,21,2015,avamore capital,"772,943","2,552,248",financial services
germany,13,30,2011,solaris and more,"1,414,501","4,692,660",energy
uk,8,11,2015,clearcycle,"660,767","2,176,368",retail
france,12,35,2005,opteamis,"4,180,523","13,856,500",support services
spain,10,20,2010,codenor,"1,926,967","6,385,196",construction
france,8,18,2015,happybulle,"1,271,353","4,209,975",ecommerce
uk,46,158,2013,aurora energy research,"4,587,687","15,079,425",energy
spain,19,14,2003,bacci,"7,265,350","24,048,302",fashion
italy,8,25,2013,emilia foods,"8,110,160","26,824,140",food & beverage
italy,82,211,2001,t.e.a.m. - ti educa a migliorare,"1,020,690","3,370,490",health
poland,30,75,2016,brainhub,"1,163,241","3,513,741",technology
italy,10,9,2016,assitech,"810,750","2,675,750",construction
uk,4,11,2016,schott packaging,"694,501","2,272,847",ecommerce
italy,12,30,2010,alba,"1,001,740","3,299,330",energy
uk,219,740,2013,fintru,"9,915,609","32,392,546",financial services
italy,4,5,2011,global edilizia,"1,226,000","4,028,000",construction
uk,2,381,2016,tpximpact,"17,515,305","57,093,437",management consulting
italy,6,9,2010,lgs sportlab,"1,222,870","4,014,220",advertising
germany,4,45,2005,weiser brandschutz & technik,"1,825,769","5,986,199",construction
uk,13,47,2013,fairfax and favor,"5,602,279","18,178,322",fashion
france,39,85,2014,fao consulting,"2,384,156","7,781,600",technology
italy,8,37,2010,gruppo del barba consulting,"1,794,120","5,855,040",financial services
uk,62,109,2003,exclaimer,"8,075,796","26,143,857",technology
italy,25,77,2013,join business management consulting,"3,128,700","10,189,790",management consulting
germany,27,57,2003,vennes,"5,244,000","17,048,000",construction
the netherlands,7,31,2013,piggy,"906,341","2,946,126",technology
finland,40,130,2007,epassi,"63,207,258","205,312,456",fintech
germany,150,315,2010,atheneum partners,"10,300,000","33,400,000",technology
uk,211,454,1999,pharmacy2u,"48,580,102","156,232,906",technology
france,6,18,2011,phoenix developpement,"556,159","1,797,294",support services
germany,10,25,2016,wiwie transport,"1,300,000","4,200,000",transport
romania,23,31,2003,mevas auto center,"834,708","2,595,034",automobiles
germany,21,35,2015,bk beachhouse mode,"1,602,458","5,172,479",retail
italy,3,9,2015,f.lli urso,"622,800","2,009,090",construction
uk,61,166,2011,gohenry,"6,882,489","22,020,382",financial services
italy,634,816,2014,adrilog,"17,727,950","57,057,180",transport
uk,2,6,2015,attachment,"2,250,946","7,191,249",advertising
france,15,25,2015,paris herbes,"4,020,469","12,934,943",agricultural commodities
france,37,28,2015,interlog logistic,"1,703,819","5,480,946",transport
italy,34,75,1975,conglomerati bituminosi,"10,393,680","33,371,870",construction
belgium,5,26,2010,nikkel art,"1,172,617","3,762,160",ecommerce
italy,9,25,2011,esyen,"1,206,770","3,868,940",technology
uk,104,165,2014,sav-eco packaging ltd,"5,322,238","16,923,940",industrial goods
germany,8,19,2016,elmar mair tiefbau,"719,638","2,302,685",construction
spain,12,15,2014,atlas innovative engineering,"1,094,666","3,495,981",energy
france,48,76,2010,secure-ic,"2,171,492","6,934,182",technology
france,16,36,2014,datalyo,"1,111,687","3,544,255",technology
uk,14,29,2016,signify technology,"805,029","2,547,992",management consulting
uk,20,59,2017,boxt,"12,127,395","38,373,430",ecommerce
uk,55,158,2010,james and james fulfilment,"9,762,332","30,887,883",ecommerce
italy,5,9,2014,armonie,"879,670","2,803,150",food & beverage
italy,1,5,2017,maverick group,"1,674,690","5,313,290",technology
italy,10,29,2012,brainpull,"1,344,240","4,264,120",advertising
france,4,15,2014,wiseband,"516,164","1,636,674",media
france,4,15,2013,groupe ezdo la boulangerie des gourmets,"12,867,410","40,777,823",agricultural commodities
poland,257,396,2010,pakar service,"3,363,800","9,729,642",support services
france,62,117,2000,bio-uv,"10,181,000","32,175,000",industrial goods
italy,2,14,2015,f.g. service,"809,450","2,554,140",construction
italy,2,125,2012,allways logistics system,"3,033,150","9,569,120",transport
sweden,75,164,2013,matsmart,"16,075,963","49,576,899",ecommerce
germany,2,5,2016,autargo,"573,070","1,807,173",construction
norway,7,9,2015,brewshop.no,"1,484,883","4,392,988",food & beverage
italy,3,15,2016,visualitics,"676,000","2,131,000",technology
germany,14,32,2016,hifi extra,"15,610,826","49,190,436",retail
germany,70,150,2013,ankerkraut,"8,271,702","26,010,474",food & beverage
italy,98,205,2008,gda,"6,615,000","20,745,690",fashion
italy,9,25,2006,nexid,"859,960","2,696,270",technology
italy,7,16,2013,gs studio & service,"666,210","2,087,000",energy
italy,60,160,2006,neosperience,"5,229,000","16,367,000",technology
slovenia,11,16,2010,lunos,"2,031,522","6,356,404",technology
italy,39,71,2013,meic costruzioni,"3,342,120","10,456,300",construction
uk,12,14,2016,trident lifting solutions ltd,"5,105,700","15,846,632",construction
germany,28,69,2010,smart battery solutions,"3,264,000","10,203,000",technology
germany,10,20,2003,eu-bay commerce,"2,601,485","8,122,686",retail
germany,6,20,2009,jens rabe academy,"1,171,373","3,655,345",education
uk,407,1251,2010,hyperoptic,"18,649,681","57,766,084",telecoms
france,2,21,2009,sepale,"2,531,055","7,879,983",energy
italy,19,33,2005,3a informatica,"633,990","1,970,000",telecoms
france,10,22,2014,emsproto,"1,009,846","3,136,947",ecommerce
france,9,13,2011,laboratoires dermosun,"1,815,835","5,626,849",chemicals & pharmaceuticals
italy,13,23,2013,saico,"2,177,950","6,737,600",construction
italy,9,19,1956,nutis,"2,124,990","6,566,530",food & beverage
poland,12,23,2011,ogrodosfera.pl,"4,693,330","13,256,472",ecommerce
france,17,30,2010,svti,"1,290,312","3,981,300",industrial goods
italy,13,38,2011,enhancers,"1,087,520","3,352,210",technology
france,6,16,2012,agripower france,"2,498,792","7,701,275",waste management & recycling
italy,8,18,2014,next turbo technologies,"3,080,610","9,481,040",industrial goods
italy,46,98,2013,velvet media italia,"1,759,490","5,411,160",advertising
italy,9,35,2016,booster box,"667,837","2,049,365",advertising
slovakia,3,2,2014,rmf group,"1,072,117","3,289,892",food & beverage
uk,89,140,2005,darwin group limited,"23,141,358","70,393,894",construction
poland,90,230,2012,itfs,"3,730,405","10,446,862",technology
france,9,25,2015,skillsday,"1,031,988","3,154,795",education
finland,23,34,2010,gapps,"2,850,000","8,707,000",technology
italy,6,15,1984,maxfel,"720,650","2,201,160",interiors
spain,33,55,2012,herrero brigantina,"4,832,212","14,725,853",insurance
italy,3,6,2016,manitech,"1,263,420","3,834,910",industrial goods
italy,6,16,2016,tradeco,"1,944,720","5,889,890",industrial goods
france,13,28,2012,mon chasseur immo,"1,585,727","4,794,423",property
france,20,75,2013,upslide,"2,737,704","8,274,214",support services
france,5,18,2015,cogeclim energies,"868,406","2,622,506",construction
hungary,10,14,2004,cellarius,"989,785","2,571,079",sales & marketing
germany,75,141,2014,careful-service,"1,173,908","3,537,769",health
lithuania,24,30,2007,softneta,"590,642","1,778,249",health
uk,64,161,2016,progeny,"5,561,585","16,601,337",financial services
france,29,57,2009,web geo services,"8,022,358","24,114,000",technology
germany,n/a,n/a,2013,spedition ibov,"1,140,000","3,424,863",transport
germany,21,25,2014,mypostcard.com,"2,119,022","6,358,307",retail
germany,2,3,2013,variosan,"1,078,808","3,233,968",retail
germany,8,36,2013,riedle + bertsch,"777,849","2,331,579",technology
italy,23,50,1999,mobili fiver,"3,973,460","11,897,820",interiors
france,11,46,2015,klc desamiantage,"2,065,220","6,182,419",construction
france,3,6,2014,secret arts of spirits,"1,105,569","3,308,224",retail
uk,68,184,2011,mpb group limited,"24,429,686","72,503,245",ecommerce
germany,5,12,2016,3zehn auto discount,"8,527,777","25,448,057",automobiles
france,50,67,2012,adikteev,"15,292,051","45,616,000",technology
germany,3,50,2009,fundis reitsport,"2,370,645","7,066,208",retail
germany,9,17,2009,antriebstechnik ebner-seibold,"753,352","2,245,423",retail
belgium,30,102,2011,invibes advertising,"3,880,663","11,530,000",technology
italy,18,34,2014,jointly il welfare condiviso,"808,700","2,400,550",support services
sweden,10,23,2012,abtot mark & anläggning ab,"3,450,305","9,983,094",construction
germany,10,36,2012,dusapro immobilien,"11,484,801","33,903,865",property
france,4,8,2012,soldats films,"787,160","2,320,653",media
italy,120,287,2016,eagleprojects,"5,137,900","15,140,480",telecoms
italy,15,43,2013,agile lab,"1,897,650","5,590,450",technology
norway,4,8,2012,importpris.no,"1,126,971","3,113,197",ecommerce
germany,18,72,2011,truu,"4,245,861","12,472,561",industrial goods
france,5,15,2016,l’atelier,"1,461,226","4,288,024",technology
germany,7,22,2014,frigoclim kälte-klima,"1,326,082","3,890,690",construction
germany,3,5,2013,m coffee company,"722,795","2,117,442",retail
france,12,22,2011,protextyl,"1,818,032","5,324,116",retail
france,14,18,2009,sp architecte,"964,998","2,825,876",construction
spain,54,178,2011,embargos a lo bestia,"7,709,375","22,559,217",retail
ireland,2,3,2011,snigel,"7,000,063","20,479,764",technology
germany,5,120,2006,ims rettungsdienst,"650,000","1,900,000",health
italy,1,16,2017,way2global sb,"828,820","2,411,600",support services
uk,3,33,2014,media access solutions,"1,181,642","3,407,930",support services
spain,21,44,2008,exadi,"14,649,568","42,525,086",sales and marketing
germany,10,29,2014,fiber-service-gesellschaft,"1,395,607","4,049,655",telecoms
poland,140,280,2010,tenderhut (group),"3,868,483","10,264,611",technology
spain,12,30,2016,worldwide fishing company,"48,449,141","140,442,673",food & beverage
italy,26,43,2013,doctor hail spa,"6,246,592","18,101,114",automobiles
germany,650,1500,2011,kbs group,"14,500,000","42,006,000",support services
estonia,5,12,2017,terre ehitus,"723,064","2,089,215",construction
germany,7,19,2013,bauer energiekonzepte,"12,554,325","36,223,730",energy
italy,26,77,2001,new euroart,"3,226,280","9,307,640",construction
italy,8,16,2015,capelli for you,"575,120","1,658,750",beauty
uk,133,371,2014,ogury,"37,992,902","108,758,853",advertising
germany,7,17,2017,tft ernst,"698,300","2,012,427",construction
uk,31,55,2001,somerford associates,"6,564,162","18,757,685",technology
germany,12,38,2012,arcadia investment,"2,818,652","8,102,218",property
italy,112,186,2009,filoblu,"19,351,090","55,564,420",management consulting
uk,8,21,2016,tribus digital,"685,567","1,952,800",technology
italy,20,35,2014,doit,"1,060,000","3,040,000",technology
uk,8,23,2009,global perspectives,"2,329,522","6,631,496",health
italy,8,25,1999,pirene,"527,910","1,512,680",support services
uk,39,183,2012,ipulse,"36,995,102","105,149,602",personal & household goods
germany,23,47,2002,blue networks,"2,322,241","6,626,713",technology
germany,20,35,2009,n. schwegler,"3,686,000","10,514,000",construction
germany,7,15,2002,marcus lutz bau,"659,402","1,874,438",construction
germany,3,4,2008,hkr-technik,"2,462,478","6,996,880",retail
germany,18,30,2007,licht + strom,"1,424,633","4,039,340",technology
germany,15,40,2009,die autowelt,"5,915,499","16,754,654",automobiles
france,4,9,2012,artheau aviation,"3,977,562","11,263,318",aerospace & defence
italy,13,22,2000,cepo,"1,592,170","4,503,670",industrial goods
france,1,2,2013,sneakers & jackets,"1,022,714","2,888,273",financial services
uk,11,26,2009,89up,"647,020","1,814,237",advertising
france,na,4,2016,luxury & performance selection,"2,281,929","6,444,045",automobiles
uk,117,395,2012,grayce group,"6,381,674","17,890,928",management consulting
italy,1,4,1993,nemesi italia,"581,520","1,640,000",technology
uk,12,40,1994,halo service solutions,"1,799,189","5,037,087",technology
uk,36,73,2012,raspberry pi,"28,668,484","80,066,074",technology
italy,8,17,2010,giopato & coombes,"1,944,000","5,467,910",interiors
germany,4,8,2016,ship it,"1,207,009","3,391,041",retail
germany,19,47,2012,rheinische scheidestätte,"29,564,866","83,044,963",retail
poland,34,90,2011,whites agency,"1,586,246","4,076,348",advertising
italy,1,38,2017,casa di riposo medicalizzata sempione*,"867,960","2,436,000",health
poland,135,269,2014,cshark,"4,608,343","11,828,515",technology
italy,30,47,2015,zinox laser,"2,269,510","6,364,000",interiors
italy,14,20,2013,tera automation,"1,778,890","4,987,860",industrial goods
italy,12,16,2014,innova hts,"3,137,630","8,792,400",health
czech republic,8,20,2013,kentigen,"554,004","1,507,867",technology
belgium,13,23,2015,teal partners,"1,386,701","3,873,750",technology
italy,16,47,2010,lm medical division,"4,040,060","11,281,040",health
germany,25,47,2003,bec,"2,809,036","7,843,183",technology
croatia,41,81,1995,xylon,"1,610,149","4,491,888",technology
germany,2,9,2017,spedition kai rindert,"1,083,821","3,018,684",transport
italy,16,22,2009,co.ge.sa. costruzioni generali saba,"1,241,760","3,453,730",construction
sweden,13,20,2010,skärgårdstunnan/skargards,"5,547,537","15,082,088",ecommerce
italy,1,14,2015,autonova milano,"1,006,280","2,790,680",automobiles
germany,25,40,2011,polarstern,"10,925,375","30,270,074",energy
germany,5,15,2013,halsdorfer + ingenieure projekt,"11,207,566","31,038,460",property
france,9,23,2015,opna,"838,200","2,317,903",support services
spain,25,39,2010,stikets,"3,372,820","9,318,626",ecommerce
italy,18,18,1994,campustore,"12,479,120","34,410,600",education
croatia,14,27,2013,ars futura,"574,487","1,580,154",technology
italy,64,116,2015,cemir security,"1,028,730","2,835,330",support services
czech republic,40,60,2009,borgy cz,"8,362,568","22,419,033",personal & household goods
france,190,600,2007,groupe zephyr,"5,908,517","16,264,645",health
france,25,57,2015,dernier cri,"1,438,184","3,956,061",technology
germany,10,37,2016,yes!devs,"800,000","2,200,000",technology
germany,19,36,2009,hydroflex group,"4,788,000","13,166,000",retail
italy,7,31,2016,proteko service,"2,003,540","5,502,450",support services
hungary,26,26,2012,minicrm,"944,107","2,232,347",technology
italy,13,39,2001,cnq consorzio nazionale qualità,"783,460","2,151,050",waste management & recycling
czech republic,n/a,n/a,2010,accolade,"31,477,723","83,981,636",property
spain,9,27,2009,panel sandwich,"3,517,519","9,637,845",construction
france,28,32,1991,symbiose informatique,"12,074,454","33,080,096",technology
italy,24,51,2012,g.engineering,"6,024,830","16,504,780",industrial goods
france,50,200,2011,i-particuliers,"1,488,875","4,071,600",property
germany,25,48,2012,henco,"2,550,263","6,970,679",retail
italy,25,53,2007,giglio.com,"9,283,620","25,355,630",ecommerce
sweden,5,16,2013,alphaspel,"1,699,234","4,535,769",retail
lithuania,14,24,2014,sapiegos klinika,"579,436","1,578,677",health
uk,9,25,2010,opencorporates,"1,010,498","2,730,677",technology
france,22,49,2012,be cloud,"3,811,605","10,371,094",support services
poland,60,130,2014,drukarnia piga.pl,"1,632,988","4,064,038",ecommerce
france,84,227,2010,groupe mister menuiserie,"25,003,047","68,009,314",ecommerce
germany,51,79,1999,insetto,"2,210,651","6,010,130",retail
portugal,9,13,2005,technophage,"823,381","2,237,180",pharmaceuticals
france,25,68,2008,skalis portage salarial,"2,287,420","6,202,068",support services
germany,5,11,2016,peoplegrapher,"1,314,806","3,561,298",advertising
italy,2,4,2016,reveg fruit,"870,070","2,356,570",food & beverage
bulgaria,39,79,2016,sciant,"1,178,653","3,192,139",technology
germany,50,130,2012,boender & beutel,"5,376,347","14,550,131",industrial goods
france,419,456,2003,ekinops,"34,291,000","92,800,000",telecoms
portugal,12,13,1938,sano-técnica,"1,838,120","4,972,658",health
germany,16,24,2013,möbelando,"6,170,577","16,692,390",retail
italy,12,37,2011,democom,"1,238,210","3,347,950",telecoms
italy,3,11,2009,erbagil,"1,490,280","4,021,010",pharmaceuticals
finland,9,32,2014,axopar boats,"29,247,774","78,765,693",travel & leisure
italy,11,54,2012,advanced composites solutions,"2,006,100","5,393,690",automobiles
italy,12,34,2000,spartivento yachts & charter,"1,932,580","5,194,630",travel & leisure
poland,39,64,2014,seargin,"7,576,080","18,624,755",technology
germany,28,32,2009,ttp holding,"13,997,000","37,607,000",support services
sweden,5,14,2011,sweef furniture,"3,620,585","9,506,903",retail
hungary,5,10,2008,sonic tanácsadó és szolgáltató kft,"2,009,719","4,646,080",technology
belgium,30,71,2014,spotit,"7,606,472","20,387,729",cyber security
france,11,27,2016,label experience,"655,366","1,756,470",financial services
italy,2,724,2015,lmm logistics,"5,268,390","14,113,040",transport
spain,15,35,2008,medicalfit,"888,395","2,378,517",health
italy,23,26,2017,nuova mg,"794,770","2,126,840",industrial goods
france,7,30,2016,innov and co handicap,"702,609","1,879,824",technology
france,33,31,2003,alma entreprise,"5,023,015","13,438,347",construction
italy,8,15,2016,radit,"703,190","1,879,520",support services
france,80,220,2013,regional express,"8,552,857","22,841,800",transport
france,26,59,2004,aravati,"2,500,644","6,671,500",support services
germany,4,7,2013,pöhner hamburg,"5,851,000","15,603,000",retail
germany,18,21,2010,schreinerei huber,"986,286","2,629,044",construction
france,12,12,1996,isr,"1,741,112","4,637,943",technology
germany,2,5,2008,kinga mathe,"676,431","1,800,494",retail
lithuania,20,24,1992,rivile,"1,467,195","3,905,042",technology
france,8,20,2016,magarantie5ans,"3,477,788","9,253,546",retail
france,36,98,2012,bebeboutik,"10,944,325","29,080,296",retail
austria,88,122,2011,radar cyber security,"4,794,822","12,727,043",technology
france,49,121,2004,clair group,"14,683,064","38,960,985",aerospace & defence
germany,105,221,2009,appsfactory,"6,801,966","18,044,631",technology
uk,142,250,2010,stiltz homelifts,"14,051,407","36,960,953",interiors
romania,48,105,2012,star stone,"1,729,707","4,409,476",construction
uk,10,22,2016,coptrz,"2,395,445","6,297,471",aerospace & defence
uk,15,35,2014,nurole,"1,236,098","3,249,493",technology
germany,10,15,2016,abao energy,"910,386","2,406,917",construction
italy,16,32,2011,welol next,"1,017,320","2,685,440",technology
uk,22,75,2010,intent hq,"2,199,126","5,762,891",technology
france,14,20,2009,café du cycliste,"2,826,571","7,445,865",ecommerce
germany,5,8,2016,langer lüftungs- und klimaanlagen,"1,749,794","4,609,256",construction
france,60,130,2010,formind,"6,398,583","16,845,354",cyber security
france,4,20,2010,oasis smart sim europe**,"1,167,000","3,065,165",telecoms
italy,9,13,2013,aferetica,"2,429,230","6,376,910",health
italy,15,37,2014,zero,"16,000,000","42,000,000",energy
france,20,70,2011,skills,"4,443,710","11,650,138",support services
italy,1,22,2015,3e studio,"1,071,090","2,804,580",support services
slovakia,1,5,2013,pannonia steel,"675,645","1,768,886",construction
italy,15,21,2009,kronos,"9,009,270","23,579,000",fashion
italy,11,22,2007,lasaponaria,"2,409,730","6,304,690",beauty
germany,50,95,2013,die wuhlewanderer,"1,900,000","4,970,000",health
sweden,26,27,2007,imint vidhance,"1,897,113","4,851,538",technology
italy,18,47,2016,arte e passione,"639,410","1,671,730",restaurants
france,29,87,2011,paul marius,"9,515,000","24,869,602",retail
bulgaria,330,730,2012,scalefocus,"12,686,177","33,137,857",technology
germany,7,16,2014,whiskyzone,"4,117,340","10,750,866",retail
italy,63,113,2002,targa telematics,"14,327,610","37,386,150",technology
uk,23,50,2003,sian wholesale ltd,"28,939,861","74,719,260",transport
sweden,54,104,2002,visage technologies,"2,233,448","5,677,639",technology
lithuania,1,1,2016,riotloc,"596,906","1,551,468",games industry
uk,31,34,2003,bullionvault,"6,278,456","16,196,046",precious metals
spain,9,23,2000,3a antioxidants,"2,968,892","7,704,000",chemicals & pharmaceuticals
germany,3,6,2016,on metall,"997,518","2,587,718",industrial goods
the netherlands,22,39,2012,scribbr,"3,417,536","8,862,818",education
france,500,1000,2007,selectra,"24,320,734","62,951,353",energy
italy,7,13,2010,energetic,"661,860","1,711,470",energy
france,7,9,2007,faveod,"1,005,658","2,598,585",support services
spain,5,15,2013,cye energia,"9,161,867","23,673,728",energy
finland,33,105,2008,integrata oy,"3,647,000","9,409,000",financial services
germany,15,25,2010,regular trade,"4,526,000","11,671,000",retail
hungary,6,15,2011,expleo,"900,686","2,696,785",energy
italy,21,21,2015,confezioni velvet,"1,302,640","3,355,870",fashion
germany,12,10,1998,activ bilanz,"6,712,146","17,286,985",property
italy,5,12,2011,family nation,"2,059,190","5,300,370",ecommerce
greece,13,19,1994,majar – matzaridis bros,"5,144,442","13,224,865",technology
spain,431,791,1996,izertis,"19,753,150","50,740,841",technology
italy,1,5,2016,fashion commerce,"916,000","2,349,000",ecommerce
uk,41,105,2009,bulk tainer logistics limited,"21,717,432","56,054,130",transport
italy,12,22,2016,wingeco,"1,332,330","3,407,310",industrial goods
poland,12,25,2021,meblobranie.pl,"6,909,799","19,295,429",ecommerce
spain,39,67,1898,queraltó,"8,575,344","21,900,903",ecommerce
slovakia,8,12,1993,phobos,"1,382,844","3,529,454",automobiles
italy,13,5,2013,archita engineering,"1,074,130","2,739,230",support services
spain,10,27,2006,celeritas,"22,805,398","58,139,933",transport
germany,15,45,2014,peopleforecast,"818,658","2,086,411",technology
italy,41,12,2014,digitalpa,"679,440","1,731,340",management consulting
germany,100,150,2003,faktenkontor,"12,153,143","30,967,000",advertising
france,13,53,2012,clareo,"7,399,729","18,854,708",retail
italy,5,5,2013,laca trade,"9,717,860","24,741,510",property
